location_id,device_id,location_type,temp_ext,temp_sp,temp_amb,delta_sp_amb,delta_amb_ext,conso_tstats_telemetry,conso_tstats_enr
836,42334,Maison en rangée,-18.5,21,21.25,-0.25,39.75,0.05183333333333349,0.06486687766665272
836,42334,Maison en rangée,-16.925,20.5,20.5,0,37.425,0.055,0.8269224043715847
836,42334,Maison en rangée,-16.6,20.5,20.5,0,37.1,0.055,1.5331639344262293
836,42334,Maison en rangée,-16.275000000000002,20.5,20.5,0,36.775000000000006,0.06375,1.5135132513661207
836,42334,Maison en rangée,-15.950000000000001,20.5,20.5,0,36.45,0.08205000000000018,0.08247017776964818
836,42334,Maison en rangée,-15.625,20.5,20.5,0,36.125,0.07319999999999982,0.07816819279055098
836,42334,Maison en rangée,-15.3,21.5,20.5,1,35.8,0.218,0.3890106922070035
836,42334,Maison en rangée,-14.875,21.5,21.5,0,36.375,0.4005,0.33322377049180385
836,42334,Maison en rangée,-14.45,22.5,21.5,1,35.95,0.34123333333333355,0.3586754098360652
836,42334,Maison en rangée,-14.025,22.5,22.5,0,36.525,0.3664666666666662,0.23960327868852438
836,42334,Maison en rangée,-13.6,22.5,23,-0.5,36.6,0.26310769230769254,0.31389751673157207
836,42334,Maison en rangée,-13.25,22.5,23,-0.5,36.25,0.19169230769230763,0.08536542735042758
836,42334,Maison en rangée,-12.899999999999999,22.5,23,-0.5,35.9,0.10066666666666697,0.01593861070201283
836,42334,Maison en rangée,-7.75,22.5,22,0.5,29.75,0.08225,0.06979036828043884
836,42334,Maison en rangée,-7.725,22.5,22,0.5,29.725,0.19182692307692287,0.20702317382956698
836,42334,Maison en rangée,-7.7,22.5,22.5,0,30.2,0.25578974358974393,0.2698833333333332
836,42334,Maison en rangée,-7.95,22.5,22.5,0,30.45,0.2466333333333332,0.1883968475464253
836,42334,Maison en rangée,-8.2,22.5,22.75,-0.25,30.95,0.20089999999999963,0.12301051163567762
836,42334,Maison en rangée,-8.45,22.5,22.75,-0.25,31.2,0.17348888888888905,0.10258923633194354
836,42334,Maison en rangée,-8.7,22.5,22.75,-0.25,31.45,0.16444444444444434,0.0964286935286932
836,42334,Maison en rangée,-9.125,22.5,22.75,-0.25,31.875,0.16444444444444434,0.09300139111824501
836,42334,Maison en rangée,-9.55,22.5,22,0.5,31.55,0.18258585858585866,0.15395935426225196
836,42334,Maison en rangée,-9.975,22.5,22.5,0,32.475,0.21925174825174873,0.20786768066599778
836,42334,Maison en rangée,-10.4,22.5,23.25,-0.75,33.65,0.19175961538461525,0.09027239778028495
836,42334,Maison en rangée,-9.375,22.5,22,0.5,31.375,0.16438961038961133,0.19756911637382138
836,42334,Maison en rangée,-8.75,22.5,22.5,0,31.25,0.21001515151515196,0.1759621621621609
836,42334,Maison en rangée,-8.125,22.5,22.5,0,30.625,0.22847435897435753,0.19815333333333093
836,42334,Maison en rangée,-0.1,22.5,20.75,1.75,20.85,0.4658666666666666,0.46660819672131154
836,42334,Maison en rangée,-0.05,22.5,21.5,1,21.55,0.45920000000000005,0.44844262295081955
836,42334,Maison en rangée,0,22.5,22,0.5,22,0.4630666666666666,0.4549016393442623
836,42334,Maison en rangée,0.05000000000000002,22.5,22,0.5,21.95,0.4105333333333333,0.37864754098360665
836,42334,Maison en rangée,0.1,22.5,22,0.5,21.9,0.38175714285714274,0.36646235447849856
836,42334,Maison en rangée,0.125,22.5,22.5,0,22.375,0.39157619047619074,0.3612043715846994
836,42334,Maison en rangée,0.15000000000000002,22.5,22.5,0,22.35,0.3394666666666667,0.307311475409836
836,42334,Maison en rangée,0.17500000000000002,22.5,22.5,0,22.325,0.3554000000000001,0.38950081967213146
836,42334,Maison en rangée,0.2,22.5,22.5,0,22.3,0.35539999999999966,0.33354999999999974
836,42334,Maison en rangée,0.225,22.5,22.5,0,22.275,0.35180000000000017,0.35955573770491855
836,42334,Maison en rangée,0.25,22.5,22.5,0,22.25,0.3572142857142853,0.3465327868852455
836,42334,Maison en rangée,0.275,22.5,22.5,0,22.225,0.3413190476190484,0.3463606557377052
836,42334,Maison en rangée,0.3,22.5,23,-0.5,22.7,0.33459999999999945,0.3012950819672133
836,42334,Maison en rangée,0.35,22.5,23,-0.5,22.65,0.2536848484848488,0.15272271116459707
836,42334,Maison en rangée,0.4,22.5,23,-0.5,22.6,0.18384848484848498,0.10034223360908755
836,42334,Maison en rangée,0.45,22.5,22.5,0,22.05,0.16555555555555565,0.10200660000660036
836,42334,Maison en rangée,0.5,22.5,22,0.5,21.5,0.21134920634920581,0.23419666666666672
836,42334,Maison en rangée,0.65,22.5,22.5,0,21.85,0.2572857142857147,0.24887580645161278
836,42334,Maison en rangée,0.8,22.5,22.5,0,21.7,0.26660952380952313,0.2703315705975674
836,42334,Maison en rangée,0.9500000000000001,22.5,23,-0.5,22.05,0.2666047619047622,0.25372040072859725
836,42334,Maison en rangée,1.1,22.5,23,-0.5,21.9,0.22052857142857193,0.12566514619883082
836,42334,Maison en rangée,1.3,22.5,22.5,0,21.2,0.15639999999999962,0.0582856232084608
836,42334,Maison en rangée,1.5,22.5,22.5,0,21,0.11933333333333303,0.04480525870285585
836,42334,Maison en rangée,1.7,22.5,22.5,0,20.8,0.10126666666666734,0.03534654523088284
836,42334,Maison en rangée,1.9,22.5,22.5,0,20.6,0.11025714285714275,0.052797887493775
836,42334,Maison en rangée,1.975,22.5,22.5,0,20.525,0.12871428571428534,0.06103230549789684
836,42334,Maison en rangée,2.05,22.5,22.5,0,20.45,0.13780357142857155,0.08394785230492789
836,42334,Maison en rangée,2.125,22.5,22.5,0,20.375,0.147,0.07374126984127043
836,42334,Maison en rangée,2.2,22.5,22.5,0,20.3,0.12879166666666697,0.04564346126510282
836,42334,Maison en rangée,2.2750000000000004,22.5,22.5,0,20.225,0.0825,0.01553679971988804
836,42334,Maison en rangée,2.35,22.5,23,-0.5,20.65,0.03733333333333303,0.003490720543536554
836,42334,Maison en rangée,3,22.5,22,0.5,19,0.05520000000000073,0.02205900143163899
836,42334,Maison en rangée,3,22.5,22.5,0,19.5,0.09179999999999927,0.032360206482495414
836,42334,Maison en rangée,3,22.5,22.5,0,19.5,0.092,0.02941433494087156
836,42334,Maison en rangée,3,22.5,22.5,0,19.5,0.092,0.029249893162392862
836,42334,Maison en rangée,3,22.5,22.5,0,19.5,0.101,0.04314396785760679
836,42334,Maison en rangée,2.925,22.5,22.5,0,19.575,0.11957142857142936,0.059314501566243356
836,42334,Maison en rangée,2.85,22.5,22,0.5,19.15,0.13780357142857064,0.0836996075901734
836,42334,Maison en rangée,2.7750000000000004,22.5,22.5,0,19.725,0.17471590909090992,0.1446300600600598
836,42334,Maison en rangée,2.7,22.5,22.5,0,19.8,0.18379797979797877,0.1016693681318684
836,42334,Maison en rangée,2.625,22.5,22,0.5,19.375,0.20218803418803508,0.1929194660568519
836,42334,Maison en rangée,2.55,22.5,22.25,0.25,19.7,0.24820879120879,0.24849700930438576
836,42334,Maison en rangée,2.475,22.5,22.75,-0.25,20.275,0.2573571428571431,0.24399785740264088
836,42334,Maison en rangée,2.4,22.5,22.75,-0.25,20.35,0.1838571428571431,0.05732605692284506
836,42334,Maison en rangée,1.3,22.5,22,0.5,20.7,0.08266666666666606,0.044375548726953186
836,42334,Maison en rangée,1.2,22.5,22.5,0,21.3,0.11016666666666607,0.045479444217087196
836,42334,Maison en rangée,1.275,22.5,22.5,0,21.225,0.07383333333333394,0.008157802197802448
836,42334,Maison en rangée,1.35,22.5,22.5,0,21.15,0.04566666666666606,0.008568786855854185
836,42334,Maison en rangée,1.425,22.5,22.5,0,21.075,0.05533333333333394,0.012087237618451582
836,42334,Maison en rangée,-0.5,22.5,21.25,1.25,21.75,0.46319999999999995,0.4650000000000001
836,42334,Maison en rangée,-0.275,22.5,22,0.5,22.275,0.4624,0.4477377049180327
836,42334,Maison en rangée,-0.04999999999999999,22.5,22.5,0,22.55,0.3933333333333335,0.348
836,42334,Maison en rangée,0.17500000000000004,22.5,23,-0.5,22.825,0.2979571428571428,0.2550590163934426
836,42334,Maison en rangée,0.4,22.5,23,-0.5,22.6,0.23037012987012964,0.14471458623958608
836,42334,Maison en rangée,-0.22499999999999998,22.5,22.5,0,22.725,0.21193939393939398,0.178086979688921
836,42334,Maison en rangée,-0.85,22.5,22,0.5,22.85,0.24476190476190504,0.2715344262295082
836,42334,Maison en rangée,-1.475,22.5,22.5,0,23.975,0.29763809523809504,0.31079344262295083
836,42334,Maison en rangée,-2.1,22.5,22.5,0,24.6,0.2998666666666668,0.27363934426229525
836,42334,Maison en rangée,-2.35,22.5,22.5,0,24.85,0.3071999999999998,0.32886721311475414
836,42334,Maison en rangée,-2.6,22.5,22.5,0,25.1,0.33166666666666694,0.32846065573770467
836,42334,Maison en rangée,-2.85,22.5,23,-0.5,25.85,0.2881285714285714,0.24698239981785058
836,42334,Maison en rangée,-3.1,22.5,23,-0.5,26.1,0.2211714285714288,0.1266176065632244
836,42334,Maison en rangée,-3.275,22.5,23,-0.5,26.275,0.15661428571428496,0.06935238095238128
836,42334,Maison en rangée,-3.45,22.5,23,-0.5,26.45,0.10128571428571467,0.021813310743959244
836,42334,Maison en rangée,-3.625,22.5,22.5,0,26.125,0.06466666666666697,0.012331985970975162
836,42334,Maison en rangée,-3.8,22.5,22.5,0,26.3,0.083,0.044454531611175144
836,42334,Maison en rangée,-3.9749999999999996,22.5,22.5,0,26.475,0.1105,0.04915580246913563
836,42334,Maison en rangée,-4.15,22.5,22.5,0,26.65,0.11066666666666607,0.04039090909090904
836,42334,Maison en rangée,-4.325,22.5,22.5,0,26.825,0.1105,0.04749829940106141
836,42334,Maison en rangée,-4.5,22.5,22,0.5,26.5,0.14746666666666716,0.12005070561289995
836,42334,Maison en rangée,-4.65,22.5,22.5,0,27.15,0.21189230769230744,0.2055117566625213
836,42334,Maison en rangée,-4.8,22.5,22.5,0,27.3,0.2303910256410254,0.17334563131701908
836,42334,Maison en rangée,-4.949999999999999,22.5,22.5,0,27.45,0.19347222222222263,0.10285599662509821
836,42334,Maison en rangée,-5.1,22.5,22.5,0,27.6,0.14744444444444435,0.06421428571428578
836,42334,Maison en rangée,-5.1499999999999995,22.5,22.75,-0.25,27.9,0.11060000000000036,0.03392605156037992
836,42334,Maison en rangée,-5.199999999999999,22.5,22.75,-0.25,27.95,0.09219999999999982,0.027336279461279447
836,42334,Maison en rangée,-5.25,22.5,23.8,-1.3000000000000007,29.05,0.05519999999999982,0.006541960252935799
836,42334,Maison en rangée,-5.449999999999999,22.5,22,0.5,27.45,0.1935,0.2395
836,42334,Maison en rangée,-5.5249999999999995,22.5,22,0.5,27.525,0.2979095238095233,0.32926666666666643
836,42334,Maison en rangée,-5.6,22.5,22.5,0,28.1,0.3405190476190483,0.3200401639344268
836,42334,Maison en rangée,-5.625,22.5,23,-0.5,28.625,0.28798351648351583,0.22494318542568498
836,42334,Maison en rangée,-5.65,22.5,23,-0.5,28.65,0.18851648351648417,0.06254504101416856
836,42334,Maison en rangée,-5.675,22.5,22.5,0,28.175,0.10146428571428533,0.024303418803418936
836,42334,Maison en rangée,-5.7,22.5,22.5,0,28.2,0.08305000000000018,0.02827841156552487
836,42334,Maison en rangée,-5.7,22.5,22.5,0,28.2,0.10119999999999982,0.04067886594443719
836,42334,Maison en rangée,-5.7,22.5,22.5,0,28.2,0.11985714285714312,0.06250987654320973
836,42334,Maison en rangée,-5.7,22.5,22.5,0,28.2,0.1474761904761899,0.09765219780219832
836,42334,Maison en rangée,-5.7,22.5,22.5,0,28.2,0.17496666666666624,0.12444610774992725
836,42334,Maison en rangée,-5.725,22.5,22.5,0,28.225,0.19360909090909081,0.14008542446941466
836,42334,Maison en rangée,-5.75,22.5,22.5,0,28.25,0.17496590909090992,0.08264903245942605
836,42334,Maison en rangée,-5.775,22.5,22.5,0,28.275,0.1382678571428569,0.0589794444444445
836,42334,Maison en rangée,-5.8,22.5,22.5,0,28.3,0.11985714285714312,0.04649466003316744
836,42334,Maison en rangée,-5.925,22.5,22.5,0,28.425,0.1105,0.04345251711748309
836,42334,Maison en rangée,-6.05,22.5,22.5,0,28.55,0.1105,0.04374689241407395
836,42334,Maison en rangée,-6.175,22.5,22.5,0,28.675,0.11083333333333394,0.046785759314812825
836,42334,Maison en rangée,-6.3,22.5,22,0.5,28.3,0.13816666666666605,0.09478133845298453
836,42334,Maison en rangée,-6.5,22.5,22,0.5,28.5,0.20269230769230853,0.20522462659380564
836,42334,Maison en rangée,-6.699999999999999,22.5,22,0.5,28.7,0.25145054945054834,0.26468278688524516
836,42334,Maison en rangée,-6.8999999999999995,22.5,22.5,0,29.4,0.2989904761904763,0.3100655737704928
836,42334,Maison en rangée,-7.1,22.5,22.5,0,29.6,0.31939999999999963,0.31034426229508244
836,42334,Maison en rangée,-7.35,22.5,22.5,0,29.85,0.30853333333333466,0.2917540983606559
836,42334,Maison en rangée,-7.6,22.5,22.5,0,30.1,0.2592666666666664,0.20025871842970872
836,42334,Maison en rangée,-7.85,22.5,22.75,-0.25,30.6,0.22112121212121202,0.14518942750133645
836,42334,Maison en rangée,-8.1,22.5,22.75,-0.25,30.85,0.1842121212121201,0.10517528227078765
836,42334,Maison en rangée,-8.25,22.5,22.75,-0.25,31,0.15670833333333395,0.08173938872909457
836,42334,Maison en rangée,-8.399999999999999,22.5,22.75,-0.25,31.15,0.147375,0.07927032967032938
836,42334,Maison en rangée,-8.549999999999999,22.5,22.75,-0.25,31.299999999999997,0.15669444444444525,0.09242142857142789
836,42334,Maison en rangée,-8.7,22.5,22.75,-0.25,31.45,0.17505555555555474,0.1200584298757094
836,42334,Maison en rangée,-8.95,22.5,22.75,-0.25,31.7,0.19359090909090992,0.1549664208164213
836,42334,Maison en rangée,-9.2,22.5,22.75,-0.25,31.95,0.20281818181818018,0.14964333333333435
836,42334,Maison en rangée,-9.45,22.5,23,-0.5,32.45,0.18420202020202123,0.11267151592811933
836,42334,Maison en rangée,-9.7,5,22.5,-17.5,32.2,0.09188888888888869,0.008565626710453822
836,42334,Maison en rangée,-13.1,22.5,20.25,2.25,33.35,0.46479999999999994,0.4667229508196722
836,42334,Maison en rangée,-13.175,22.5,21,1.5,34.175,0.46433333333333326,0.45294371584699444
836,42334,Maison en rangée,-13.25,22.5,21.5,1,34.75,0.46466666666666673,0.45406666666666684
836,42334,Maison en rangée,-13.325,22.5,22,0.5,35.325,0.44832380952380935,0.4290666666666664
836,42334,Maison en rangée,-13.4,22.5,22,0.5,35.4,0.4205714285714289,0.3673877049180326
836,42334,Maison en rangée,-13.525,22.5,22.5,0,36.025,0.37450476190476184,0.3973803278688524
836,42334,Maison en rangée,-13.65,22.5,22.5,0,36.15,0.3791999999999998,0.36001311475409875
836,42334,Maison en rangée,-13.775,22.5,22.5,0,36.275,0.384,0.3811868852459015
836,42334,Maison en rangée,-13.9,22.5,23.25,-0.75,37.15,0.31709743589743583,0.23872923497267767
836,42334,Maison en rangée,-13.925,22.5,23.25,-0.75,37.175,0.13976923076923095,0.015991463414634154
836,42334,Maison en rangée,-13.95,22.5,22.25,0.25,36.2,0.10066666666666697,0.10277662535723585
836,42334,Maison en rangée,-13.925,22.5,22.25,0.25,36.175,0.2126410256410254,0.2179743838802874
836,42334,Maison en rangée,-13.9,22.5,22.25,0.25,36.15,0.2635589743589744,0.26753698630136935
836,42334,Maison en rangée,-13.8,22.5,22.5,0,36.3,0.2812047619047617,0.29009508196721345
836,42334,Maison en rangée,-13.7,22.5,22.5,0,36.2,0.31092857142857155,0.308
836,42334,Maison en rangée,-13.6,22.5,22.5,0,36.1,0.3138000000000002,0.30875901639344283
836,42334,Maison en rangée,-13.5,22.5,22.5,0,36,0.3051999999999998,0.30854098360655735
836,42334,Maison en rangée,-13.2,22.5,22.5,0,35.7,0.29060000000000036,0.27133333333333304
836,42334,Maison en rangée,-12.9,22.5,22.5,0,35.4,0.2655428571428565,0.24961543715846984
836,42334,Maison en rangée,-12.600000000000001,22.5,22.5,0,35.1,0.2471648351648355,0.20925556933983172
836,42334,Maison en rangée,-12.3,22.5,22.5,0,34.8,0.2289423076923076,0.17140148121374205
836,42334,Maison en rangée,-12.225000000000001,22.5,22.5,0,34.725,0.210659090909091,0.1550721921921918
836,42334,Maison en rangée,-12.15,22.5,22.5,0,34.65,0.20145454545454505,0.15317715076993
836,42334,Maison en rangée,-12.075,22.5,22.5,0,34.575,0.21055303030303094,0.1702311003137961
836,42334,Maison en rangée,-12,22.5,22,0.5,34,0.23808333333333304,0.24051633879781503
836,42334,Maison en rangée,-11.95,22.5,22.5,0,34.45,0.27046666666666624,0.29004918032786825
836,42334,Maison en rangée,-11.9,22.5,22.5,0,34.4,0.28933333333333305,0.28318032786885305
836,42334,Maison en rangée,-11.850000000000001,22.5,22.25,0.25,34.1,0.3223333333333339,0.34193442622950715
836,42334,Maison en rangée,-11.8,22.5,22,0.5,33.8,0.3638666666666668,0.3734163934426233
836,42334,Maison en rangée,-11.700000000000001,22.5,22.75,-0.25,34.45,0.37966666666666604,0.3634500000000007
836,42334,Maison en rangée,-11.600000000000001,22.5,22.75,-0.25,34.35,0.29733333333333395,0.2536631720430105
836,42334,Maison en rangée,-11.5,22.5,22.75,-0.25,34.25,0.2289090909090901,0.14833752607627593
836,42334,Maison en rangée,-11.4,22.5,22.75,-0.25,34.15,0.17396590909090992,0.0791734760522495
836,42334,Maison en rangée,-11.4,22.5,22.5,0,33.9,0.13741071428571378,0.06272500000000036
836,42334,Maison en rangée,-11.4,22.5,22.5,0,33.9,0.1463809523809523,0.09735924908424749
836,42334,Maison en rangée,-11.4,22.5,22,0.5,33.4,0.19241666666666787,0.16294681415620926
836,42334,Maison en rangée,-11.4,22.5,22.5,0,33.9,0.23805952380952294,0.24760347030019147
836,42334,Maison en rangée,-11.4,22.5,22.5,0,33.9,0.26552380952380916,0.2722213114754104
836,42334,Maison en rangée,-11.4,22.5,22.5,0,33.9,0.2795333333333347,0.2901721311475412
836,42334,Maison en rangée,-11.4,22.5,22.5,0,33.9,0.2881999999999989,0.27037704918032796
836,42334,Maison en rangée,-11.4,22.5,22.75,-0.25,34.15,0.23805454545454632,0.1628955514398831
836,42334,Maison en rangée,-11.4,22.5,22.75,-0.25,34.15,0.210628787878788,0.16084799676080638
836,42334,Maison en rangée,-11.4,22.5,22.75,-0.25,34.15,0.21975,0.18540589553839526
836,42334,Maison en rangée,-11.4,22.5,22.75,-0.25,34.15,0.23809523809523672,0.2294642664795956
836,42334,Maison en rangée,-11.4,22.5,22.75,-0.25,34.15,0.2563571428571431,0.2439462612612615
836,42334,Maison en rangée,-11.5,22.5,22.25,0.25,33.75,0.28144761904761983,0.30856393442622904
836,42334,Maison en rangée,-11.600000000000001,22.5,22.25,0.25,33.85,0.34066666666666606,0.3449527322404374
836,42334,Maison en rangée,-11.700000000000001,22.5,22.25,0.25,33.95,0.35033333333333394,0.3451292349726773
836,42334,Maison en rangée,-11.8,22.5,22.25,0.25,34.05,0.3174095238095233,0.30084426229508243
836,42334,Maison en rangée,-11.725000000000001,22.5,22.25,0.25,33.975,0.3137904761904756,0.30807377049180285
836,42334,Maison en rangée,-11.65,22.5,22.25,0.25,33.9,0.3077333333333336,0.2900491803278692
836,42334,Maison en rangée,-11.575,22.5,22.25,0.25,33.825,0.2772000000000007,0.27234426229508246
836,42334,Maison en rangée,-11.5,22.5,22.25,0.25,33.75,0.27466666666666606,0.27141612021857875
836,42334,Maison en rangée,-11.45,22.5,23,-0.5,34.45,0.25638974358974337,0.21162220158659967
836,42334,Maison en rangée,-11.4,22.5,22.5,0,33.9,0.21971328671328774,0.14917277732123965
836,42334,Maison en rangée,-11.350000000000001,22.5,22.5,0,33.85,0.2290064935064929,0.2415927706394923
836,42334,Maison en rangée,-11.3,22.5,22.5,0,33.8,0.2563571428571431,0.24376525879127894
836,42334,Maison en rangée,-11.375,22.5,22.5,0,33.875,0.2563571428571413,0.23626056945642812
836,42334,Maison en rangée,-11.45,22.5,22.5,0,33.95,0.2656428571428587,0.2693934426229498
836,42334,Maison en rangée,-11.525,22.5,22.5,0,34.025,0.2655,0.254182786885247
836,42334,Maison en rangée,-11.6,5,22.75,-17.75,34.35,0.1375,0.018011475409835838
836,42334,Maison en rangée,-13.55,22.5,19.75,2.75,33.3,0.46026666666666666,0.4608852459016394
836,42334,Maison en rangée,-13.5,22.5,20.75,1.75,34.25,0.46086666666666665,0.4503278688524589
836,42334,Maison en rangée,-13.45,22.5,21.5,1,34.95,0.4620666666666666,0.4525344262295082
836,42334,Maison en rangée,-13.4,22.5,21.5,1,34.9,0.45120000000000005,0.43339999999999984
836,42334,Maison en rangée,-13.575,22.5,21.5,1,35.075,0.4475999999999999,0.4567000000000003
836,42334,Maison en rangée,-13.75,22.5,22,0.5,35.75,0.4620666666666666,0.46472295081967196
836,42334,Maison en rangée,-13.925,22.5,22,0.5,35.925,0.44020000000000026,0.38975409836065594
836,42334,Maison en rangée,-14.1,22.5,22,0.5,36.1,0.3999333333333334,0.4360491803278687
836,42334,Maison en rangée,-14.15,22.5,22,0.5,36.15,0.4561333333333332,0.4540737704918033
836,42334,Maison en rangée,-14.2,22.5,22.5,0,36.7,0.4187809523809519,0.37211475409836114
836,42334,Maison en rangée,-14.25,22.5,22.5,0,36.75,0.37381904761904844,0.3632803278688525
836,42334,Maison en rangée,-14.3,22.5,22.25,0.25,36.55,0.38773333333333265,0.3997360655737702
836,42334,Maison en rangée,-14.25,22.5,22.25,0.25,36.5,0.3937333333333336,0.3894306010928958
836,42334,Maison en rangée,-14.2,22.5,22.25,0.25,36.45,0.3938666666666668,0.28222513661202175
836,42334,Maison en rangée,-14.15,22.5,22.25,0.25,36.4,0.3707333333333336,0.45605819672131204
836,42334,Maison en rangée,-14.1,22.5,22.25,0.25,36.35,0.3468285714285712,0.3332583333333332
836,42334,Maison en rangée,-13.925,22.5,22.25,0.25,36.175,0.33357142857142846,0.32604918032786917
836,42334,Maison en rangée,-13.75,22.5,23,-0.5,36.75,0.2988000000000002,0.2723442622950815
836,42334,Maison en rangée,-13.575,22.5,23,-0.5,36.575,0.2377454545454548,0.15314332323291638
836,42334,Maison en rangée,-13.4,22.5,23,-0.5,36.4,0.16459740259740194,0.06792930402930415
836,42334,Maison en rangée,-13.125,22.5,22.5,0,35.625,0.11885714285714312,0.04350693036413289
836,42334,Maison en rangée,-12.850000000000001,22.5,22.5,0,35.35,0.10060000000000037,0.028912157772961716
836,42334,Maison en rangée,-12.575000000000001,22.5,23,-0.5,35.575,0.05539999999999964,0.0034094597868215715
836,42334,Maison en rangée,-10.75,22.5,22.75,-0.25,33.5,0.06439999999999964,0.03627801675512971
836,42334,Maison en rangée,-12.049999999999999,22.5,21.5,1,33.55,0.11918181818181801,0.15613461538461523
836,42334,Maison en rangée,-12.399999999999999,22.5,22,0.5,34.4,0.27068484848484875,0.3437000000000007
836,42334,Maison en rangée,-12.75,22.5,22.5,0,35.25,0.373,0.37549672131147416
836,42334,Maison en rangée,-13.1,22.5,22.5,0,35.6,0.366,0.35077049180327957
836,42334,Maison en rangée,-13.45,22.5,23,-0.5,36.45,0.312419047619047,0.2716327868852459
836,42334,Maison en rangée,-13.8,22.5,23.25,-0.75,37.05,0.17771428571428624,0.03556477450762262
836,42334,Maison en rangée,-14.15,22.5,22,0.5,36.15,0.128,0.10149006410256425
836,42334,Maison en rangée,-14.5,22.5,22,0.5,36.5,0.2103571428571431,0.2422405848471426
836,42334,Maison en rangée,-14.625,22.5,22.5,0,37.125,0.2652428571428572,0.27170491803278674
836,42334,Maison en rangée,-14.75,22.5,22.5,0,37.25,0.2743333333333321,0.2715409836065574
836,42334,Maison en rangée,-14.875,22.5,22.5,0,37.375,0.27433333333333393,0.2711967213114749
836,42334,Maison en rangée,-15,22.5,22.25,0.25,37.25,0.3049333333333343,0.32654098360655737
836,42334,Maison en rangée,-15.675,22.5,22.25,0.25,37.925,0.33646666666666536,0.32589562841530095
836,42334,Maison en rangée,-16.35,22.5,22.25,0.25,38.6,0.29147619047619083,0.27259617486338905
836,42334,Maison en rangée,-17.025,22.5,22.25,0.25,39.275,0.28159047619047667,0.2896822404371578
836,42334,Maison en rangée,-17.7,5,22.75,-17.75,40.45,0.15726666666666642,0.017669047619046977
836,42334,Maison en rangée,-22.875,24,20.25,3.75,43.125,0.4644,0.46711284153005467
836,42334,Maison en rangée,-22.85,22.5,21,1.5,43.85,0.4636666666666667,0.4490666666666667
836,42334,Maison en rangée,-22.825,22.5,21.5,1,44.325,0.46926666666666667,0.47245000000000004
836,42334,Maison en rangée,-22.8,21.5,21.5,0,44.3,0.3004333333333334,0.10151127645166744
836,42334,Maison en rangée,-22.425,21,20.75,0.25,43.175,0.16346969696969676,0.17199073053635078
836,42334,Maison en rangée,-22.05,20.5,20.75,-0.25,42.8,0.29229220779220805,0.3450967741935483
836,42334,Maison en rangée,-21.675,20.5,20.75,-0.25,42.425,0.17907142857142844,0.0032690168563361418
836,42334,Maison en rangée,-21.3,20.5,20.75,-0.25,42.05,0.028,0.0037446450218887963
836,42334,Maison en rangée,-20.7,20.5,20,0.5,40.7,0.05475,0.019483646345164682
836,42334,Maison en rangée,-20.1,20.5,20,0.5,40.1,0.10096428571428578,0.06077841269841285
836,42334,Maison en rangée,-19.5,20.5,20,0.5,39.5,0.1741190476190477,0.16023027409347332
836,42334,Maison en rangée,-18.9,20.5,20.5,0,39.4,0.22916666666666652,0.20781467434647788
836,42334,Maison en rangée,-18.424999999999997,20.5,21,-0.5,39.425,0.202,0.10927067518067513
836,42334,Maison en rangée,-17.95,20.5,21,-0.5,38.95,0.11925,0.02405384987455887
836,42334,Maison en rangée,-16.675,21.5,21.25,0.25,37.925,0.4235743589743588,0.41952622950819707
836,42334,Maison en rangée,-16.35,22.5,21.25,1.25,37.6,0.40833333333333394,0.43032622950819677
836,42334,Maison en rangée,-16.025,22.5,22,0.5,38.025,0.46219999999999983,0.4525573770491801
836,42334,Maison en rangée,-15.7,22.5,22,0.5,37.7,0.4279333333333334,0.3924163934426224
836,42334,Maison en rangée,-15.299999999999999,22.5,22,0.5,37.3,0.3928666666666668,0.41725
836,42334,Maison en rangée,-14.899999999999999,22.5,22.5,0,37.4,0.3909714285714281,0.34045655737704966
836,42334,Maison en rangée,-14.5,22.5,22.5,0,37,0.37536190476190495,0.38104918032786916
836,42334,Maison en rangée,-14.1,22.5,22.5,0,36.6,0.35973333333333357,0.345250819672131
836,42334,Maison en rangée,-13.7,22.5,23,-0.5,36.7,0.3133999999999996,0.2896672131147543
836,42334,Maison en rangée,-13.3,22.5,23,-0.5,36.3,0.2644717948717953,0.21690035445281272
836,42334,Maison en rangée,-12.9,22.5,23,-0.5,35.9,0.21046153846153812,0.11896007019268609
836,42334,Maison en rangée,-12.5,22.5,22.5,0,35,0.17377777777777736,0.10450875078375066
836,42334,Maison en rangée,-12.4,22.5,22,0.5,34.4,0.20106837606837688,0.19275408342584568
836,42334,Maison en rangée,-12.3,22.5,22.25,0.25,34.55,0.24701098901098886,0.25179836065573863
836,42334,Maison en rangée,-12.2,22.5,22.25,0.25,34.45,0.28340952380952333,0.31923333333333176
836,42334,Maison en rangée,-12.1,22.5,22.5,0,34.6,0.35733333333333395,0.36959945355191304
836,42334,Maison en rangée,-11.9,22.5,22.25,0.25,34.15,0.3937333333333336,0.3996672131147552
836,42334,Maison en rangée,-11.7,22.5,22.25,0.25,33.95,0.36051282051282035,0.30854590163934337
836,42334,Maison en rangée,-11.5,22.5,22.25,0.25,33.75,0.32321634615384576,0.3124445962355803
836,42334,Maison en rangée,-11.3,22.5,22.25,0.25,33.55,0.3236041666666661,0.3081967213114749
836,42334,Maison en rangée,-11.25,22.5,22.25,0.25,33.5,0.29020000000000074,0.27110327868852435
836,42334,Maison en rangée,-11.2,22.5,22.25,0.25,33.45,0.29146666666666715,0.30843770491803296
836,42334,Maison en rangée,-11.15,22.5,22.25,0.25,33.4,0.30959999999999854,0.30742622950819715
836,42334,Maison en rangée,-11.1,22.5,22.25,0.25,33.35,0.32813333333333505,0.3267360655737703
836,42334,Maison en rangée,-11.35,22.5,22.25,0.25,33.6,0.33279999999999926,0.326
836,42334,Maison en rangée,-11.6,22.5,22.25,0.25,33.85,0.32920476190476256,0.31740833333333374
836,42334,Maison en rangée,-11.85,22.5,22.25,0.25,34.1,0.3255952380952367,0.32675
836,42334,Maison en rangée,-12.1,22.5,22.25,0.25,34.35,0.3146000000000004,0.30796311475409854
836,42334,Maison en rangée,-12.4,22.5,22.25,0.25,34.65,0.30360000000000037,0.2895868852459007
836,42334,Maison en rangée,-12.7,22.5,22.25,0.25,34.95,0.28173333333333356,0.2686918032786889
836,42334,Maison en rangée,-13,22.5,23,-0.5,36,0.24698333333333358,0.19228103159526108
836,42334,Maison en rangée,-13.3,22.5,23.5,-1,36.8,0.1645833333333321,0.05173579585873995
836,42334,Maison en rangée,-13.25,22.5,22,0.5,35.25,0.08233333333333212,0.042817921001055165
836,42334,Maison en rangée,-13.175,22.5,22.5,0,35.675,0.10983333333333394,0.04549494949494995
836,42334,Maison en rangée,-13.1,22.5,22.5,0,35.6,0.10983333333333394,0.04045606060605981
836,42334,Maison en rangée,-13.05,22.5,22,0.5,35.05,0.14626666666666643,0.1282339088268609
836,42334,Maison en rangée,-13,22.5,22.5,0,35.5,0.21939999999999962,0.22661364643331763
836,42334,Maison en rangée,-12.95,22.5,22.5,0,35.45,0.247,0.20697415508929135
836,42334,Maison en rangée,-11.5,22.5,20,2.5,31.5,0.4632,0.46499672131147535
836,42334,Maison en rangée,-11.825,22.5,20.75,1.75,32.575,0.46113333333333345,0.4466754098360657
836,42334,Maison en rangée,-12.15,22.5,21.5,1,33.65,0.45639999999999986,0.45019672131147537
836,42334,Maison en rangée,-12.475000000000001,22.5,22,0.5,34.475,0.46886666666666654,0.46954098360655755
836,42334,Maison en rangée,-12.8,22.5,22,0.5,34.8,0.4449761904761908,0.426532786885246
836,42334,Maison en rangée,-12.600000000000001,22.5,22,0.5,34.6,0.44369047619047614,0.4628773224043716
836,42334,Maison en rangée,-12.4,22.5,22.5,0,34.9,0.4271333333333332,0.3676833333333329
836,42334,Maison en rangée,-12.2,22.5,22,0.5,34.2,0.3673333333333335,0.38720000000000027
836,42334,Maison en rangée,-12,22.5,22.5,0,34.5,0.41353333333333286,0.41369836065573734
836,42334,Maison en rangée,-11.85,22.5,22,0.5,33.85,0.40740000000000054,0.4126721311475412
836,42334,Maison en rangée,-11.7,22.5,22.25,0.25,33.95,0.39676666666666643,0.36184426229508243
836,42334,Maison en rangée,-11.55,22.5,22.25,0.25,33.8,0.3913666666666668,0.41706366120218535
836,42334,Maison en rangée,-11.4,22.5,22.5,0,33.9,0.40753333333333286,0.39832978142076536
836,42334,Maison en rangée,-10.9,22.5,22.25,0.25,33.15,0.39153333333333373,0.3882614615170878
836,42334,Maison en rangée,-10.4,22.5,23,-0.5,33.4,0.3687333333333336,0.3361319811058629
836,42334,Maison en rangée,-9.9,22.5,22.5,0,32.4,0.3037999999999993,0.28850819672131095
836,42334,Maison en rangée,-9.4,22.5,22.5,0,31.9,0.30281904761904843,0.29897540983606585
836,42334,Maison en rangée,-9.025,22.5,22,0.5,31.025,0.3443809523809523,0.3618852459016398
836,42334,Maison en rangée,-8.65,22.5,22.333333333333332,0.16666666666666785,30.983333333333334,0.3928666666666668,0.3984147540983604
836,42334,Maison en rangée,-8.275,22.5,23,-0.5,31.275,0.3684666666666662,0.3251426229508188
836,42334,Maison en rangée,-7.9,22.5,23,-0.5,30.9,0.26515384615384574,0.21505675433855867
836,42334,Maison en rangée,-7.4,22.5,23,-0.5,30.4,0.14584615384615426,0.03637715355805176
836,42334,Maison en rangée,-6.9,22.5,22.5,0,29.4,0.2556000000000004,0.06528857310913391
836,42334,Maison en rangée,-6.4,22.5,22.5,0,28.9,0.12751111111111094,0.09744435629913187
836,42334,Maison en rangée,-5.9,22.5,22.5,0,28.4,0.14603174603174557,0.06439831932773087
836,42334,Maison en rangée,-5.65,22.5,22.75,-0.25,28.4,0.10945714285714347,0.0329593264129256
836,42334,Maison en rangée,-5.4,22.5,22.75,-0.25,28.15,0.10039999999999964,0.03878883366633378
836,42334,Maison en rangée,-5.15,22.5,22.75,-0.25,27.9,0.11857142857142935,0.06194583333333291
836,42334,Maison en rangée,-4.9,22.5,22.75,-0.25,27.65,0.1278571428571413,0.06172500000000036
836,42334,Maison en rangée,-4.675000000000001,22.5,22.75,-0.25,27.425,0.12742857142857247,0.057705606228118995
836,42334,Maison en rangée,-4.45,22.5,22.75,-0.25,27.2,0.10954285714285653,0.034217976032268484
836,42334,Maison en rangée,-4.225,22.5,22.75,-0.25,26.975,0.10945714285714347,0.05278998610826481
836,42334,Maison en rangée,-4,22.5,22,0.5,26,0.14603174603174557,0.10091789218712438
836,42334,Maison en rangée,-3.65,22.5,22,0.5,25.65,0.18247474747474735,0.15782283227047264
836,42334,Maison en rangée,-3.3,22.5,22.5,0,25.8,0.2604935064935071,0.09761550382663817
836,42334,Maison en rangée,-2.95,22.5,22.5,0,25.45,0.15903174603174558,0.10446649603054174
836,42334,Maison en rangée,-2.6,22.5,22.5,0,25.1,0.1551111111111113,0.08344642857142844
836,42334,Maison en rangée,-2.525,22.5,22.5,0,25.025,0.146,0.07748807277628021
836,42334,Maison en rangée,-2.45,22.5,22.5,0,24.95,0.145875,0.07679292487815291
836,42334,Maison en rangée,-2.375,22.5,22.5,0,24.875,0.15501388888888867,0.09668190877474353
836,42334,Maison en rangée,-2.3,22.5,22.5,0,24.8,0.17331111111111205,0.12005883716782591
836,42334,Maison en rangée,-2.65,22.5,22.5,0,25.15,0.18259999999999854,0.1251537364009264
836,42334,Maison en rangée,-3,22.5,22.5,0,25.5,0.19147272727272865,0.14100189762796525
836,42334,Maison en rangée,-3.35,22.5,22.5,0,25.85,0.19152727272727132,0.12880963630626593
836,42334,Maison en rangée,-3.7,22.5,22.5,0,26.2,0.19156363636363677,0.14806065762391699
836,42334,Maison en rangée,-3.875,22.5,22.5,0,26.375,0.21902097902097922,0.19070773448885847
836,42334,Maison en rangée,-4.050000000000001,22.5,22.5,0,26.55,0.22794871794871868,0.1871493265396548
836,42334,Maison en rangée,-4.2250000000000005,22.5,22.5,0,26.725,0.21891666666666607,0.17640024073253607
836,42334,Maison en rangée,-4.4,22.5,22.5,0,26.9,0.22813461538461524,0.19623537695590404
836,42334,Maison en rangée,-4.5,22.5,22.5,0,27,0.23715384615384574,0.19531244315177082
836,42334,Maison en rangée,-4.6,22.5,22.166666666666668,0.33333333333333215,26.766666666666666,0.24617582417582526,0.24645848431285958
836,42334,Maison en rangée,-4.7,22.5,22.5,0,27.2,0.28295238095237984,0.3075295081967197
836,42334,Maison en rangée,-4.8,22.5,23,-0.5,27.8,0.25533333333333397,0.16021539460081385
836,42334,Maison en rangée,-4.9,22.5,23.5,-1,28.4,0.109,0.006448665425202004
836,42334,Maison en rangée,-5.300000000000001,22.5,22,0.5,27.3,0.091,0.07785919386481237
836,42334,Maison en rangée,-5.3500000000000005,22.5,22.5,0,27.85,0.16420000000000073,0.12688605044013093
836,42334,Maison en rangée,-5.4,22.5,22.5,0,27.9,0.18259999999999854,0.12267793863439874
836,42334,Maison en rangée,-5.4750000000000005,22.5,22.5,0,27.975,0.17320000000000071,0.09936717032966953
836,42334,Maison en rangée,-5.550000000000001,22.5,22.5,0,28.05,0.155,0.07635357142857174
836,42334,Maison en rangée,-5.625,22.5,22.5,0,28.125,0.12766666666666607,0.04749295799154879
836,42334,Maison en rangée,-5.7,5,22,-17,27.7,0.06433333333333394,0.007889880095923217
836,42334,Maison en rangée,-8.2,22.5,20.25,2.25,28.45,0.4645333333333333,0.4692131147540984
836,42334,Maison en rangée,-8.1,22.5,21.25,1.25,29.35,0.46320000000000006,0.447327868852459
836,42334,Maison en rangée,-8,22.5,21.25,1.25,29.25,0.45820000000000005,0.4516926229508197
836,42334,Maison en rangée,-7.8999999999999995,22.5,22,0.5,29.9,0.4704666666666665,0.4714499999999998
836,42334,Maison en rangée,-7.8,22.5,22,0.5,29.8,0.40340476190476193,0.36207308743169414
836,42334,Maison en rangée,-7.775,22.5,22,0.5,29.775,0.39359523809523805,0.4191475409836066
836,42334,Maison en rangée,-7.75,22.5,22.333333333333332,0.16666666666666785,30.083333333333332,0.4169333333333334,0.4002459016393441
836,42334,Maison en rangée,-7.725,22.5,22,0.5,29.725,0.4120666666666666,0.41919180327868844
836,42334,Maison en rangée,-7.7,22.5,22.5,0,30.2,0.3902666666666669,0.3593000000000002
836,42334,Maison en rangée,-7.325,22.5,22.5,0,29.825,0.3561333333333332,0.35616666666666696
836,42334,Maison en rangée,-6.95,22.5,22.5,0,29.45,0.3606476190476187,0.3460464480874316
836,42334,Maison en rangée,-6.575,22.5,22.5,0,29.075,0.36981904761904844,0.37123770491803226
836,42334,Maison en rangée,-6.2,22.5,22.5,0,28.7,0.3609333333333325,0.3632557377049188
836,42334,Maison en rangée,-5.525,22.5,22.5,0,28.025,0.3609333333333334,0.3631377049180328
836,42334,Maison en rangée,-4.85,22.5,22.5,0,27.35,0.35720000000000074,0.3263442622950815
836,42334,Maison en rangée,-4.175,22.5,23,-0.5,27.175,0.3003999999999996,0.26913469945355156
836,42334,Maison en rangée,-3.5,22.5,22.5,0,26,0.24953846153846188,0.20569355855855928
836,42334,Maison en rangée,-3.475,22.5,22.5,0,25.975,0.23784615384615335,0.20326103603603543
836,42334,Maison en rangée,-3.45,22.5,22.5,0,25.95,0.24690109890109943,0.2298772485600357
836,42334,Maison en rangée,-3.425,22.5,22.5,0,25.925,0.256,0.25175
836,42334,Maison en rangée,-3.4,22.5,22.5,0,25.9,0.26531428571428567,0.27179344262295035
836,42334,Maison en rangée,-3.15,22.5,22.5,0,25.65,0.27426666666666644,0.2653051875140363
836,42334,Maison en rangée,-2.9,22.5,22.5,0,25.4,0.2561333333333332,0.21599880888074222
836,42334,Maison en rangée,-2.65,22.5,22.5,0,25.15,0.2468571428571431,0.23231380605847243
836,42334,Maison en rangée,-2.4,22.5,22.5,0,24.9,0.23780952380952294,0.18200355315626165
836,42334,Maison en rangée,-2.2,22.5,22.5,0,24.7,0.2286410256410254,0.19829648648648798
836,42334,Maison en rangée,-2,22.5,22.5,0,24.5,0.2194195804195806,0.15735405405405437
836,42334,Maison en rangée,-1.8,22.5,22.5,0,24.3,0.20127272727272794,0.14960331342578684
836,42334,Maison en rangée,-1.6,22.5,22.5,0,24.1,0.21033333333333393,0.16868232209737744
836,42334,Maison en rangée,-1.5250000000000001,22.5,22,0.5,23.525,0.2285897435897423,0.21757990990990947
836,42334,Maison en rangée,-1.4500000000000002,22.5,22,0.5,23.45,0.26461025641025665,0.30348497267759555
836,42334,Maison en rangée,-1.375,22.5,22.5,0,23.875,0.3317333333333336,0.33089836065573763
836,42334,Maison en rangée,-1.3,22.5,22.5,0,23.8,0.3596666666666661,0.3705770491803287
836,42334,Maison en rangée,-1.225,22.5,22.5,0,23.725,0.35120000000000073,0.3367229508196724
836,42334,Maison en rangée,-1.15,22.5,23,-0.5,24.15,0.3050095238095237,0.2690227118644061
836,42334,Maison en rangée,-1.075,22.5,23,-0.5,24.075,0.23512987012987105,0.14378540979181526
836,42334,Maison en rangée,-1,22.5,22.5,0,23.5,0.19202727272727133,0.12345340083879455
836,42334,Maison en rangée,-0.9,22.5,23,-0.5,23.9,0.15555714285714384,0.06680903414073146
836,42334,Maison en rangée,-0.8,22.5,22.5,0,23.3,0.10974285714285725,0.033800861110069184
836,42334,Maison en rangée,-0.7,22.5,22.5,0,23.2,0.1005666666666657,0.040354680887083307
836,42334,Maison en rangée,-0.6,22.5,22,0.5,22.6,0.13705555555555657,0.09153867521367524
836,42334,Maison en rangée,-0.75,22.5,22.5,0,23.25,0.17387777777777774,0.12577707189594822
836,42334,Maison en rangée,-0.8999999999999999,22.5,22.5,0,23.4,0.20123333333333357,0.17580786885245744
836,42334,Maison en rangée,-1.0499999999999998,22.5,22.5,0,23.55,0.22851282051282032,0.20110367884709557
836,42334,Maison en rangée,-1.2,22.5,22.5,0,23.7,0.21960839160839168,0.15717777777777792
836,42334,Maison en rangée,-1.225,22.5,22.5,0,23.725,0.1919454545454537,0.12993360360360384
836,42334,Maison en rangée,-1.25,22.5,22.5,0,23.75,0.173822222222223,0.09887372618018617
836,42334,Maison en rangée,-1.275,22.5,23,-0.5,24.275,0.13727777777777736,0.04697073897074703
836,42334,Maison en rangée,-1.3,22.5,22.5,0,23.8,0.09125,0.021000317907025265
836,42334,Maison en rangée,-1.1,22.5,22,0.5,23.1,0.10067857142857065,0.05250286713728079
836,42334,Maison en rangée,-0.9,22.5,22.5,0,23.4,0.13719642857142936,0.0832147735727076
836,42334,Maison en rangée,-0.7,22.5,22.5,0,23.2,0.16467499999999927,0.12182951956772103
836,42334,Maison en rangée,-0.5,22.5,22.5,0,23,0.1828000000000011,0.12229403767269013
836,42334,Maison en rangée,-0.85,22.5,22.5,0,23.35,0.16464999999999963,0.08230324977033433
836,42334,Maison en rangée,-1.2,22.5,23.8,-1.3000000000000007,25,0.09125,0.015051955782312387
836,42334,Maison en rangée,-2.0999999999999996,22.5,22,0.5,24.1,0.09125,0.0813291769835884
836,42334,Maison en rangée,-2.1999999999999997,22.5,22,0.5,24.2,0.18291666666666606,0.17384476487476513
836,42334,Maison en rangée,-2.3,22.5,22.5,0,24.8,0.21941666666666787,0.18253267021119338
836,42334,Maison en rangée,-2.375,22.5,22.5,0,24.875,0.21041666666666606,0.14724519137706737
836,42334,Maison en rangée,-2.45,22.5,22.5,0,24.95,0.192,0.11779992728869002
836,42334,Maison en rangée,-2.525,22.5,23,-0.5,25.525,0.15542857142857064,0.0626388059701485
836,42334,Maison en rangée,-6.4,22.5,20.5,2,26.9,0.46159999999999995,0.465346174863388
836,42334,Maison en rangée,-6.575,22.5,21.25,1.25,27.825,0.4626666666666666,0.452621038251366
836,42334,Maison en rangée,-6.75,22.5,22,0.5,28.75,0.46386666666666676,0.45354098360655737
836,42334,Maison en rangée,-6.925,22.5,22,0.5,28.925,0.4419333333333332,0.3985409836065573
836,42334,Maison en rangée,-7.1,22.5,21.75,0.75,28.85,0.396561904761905,0.426186885245902
836,42334,Maison en rangée,-7.35,22.5,22.5,0,29.85,0.41123809523809496,0.39815737704918003
836,42334,Maison en rangée,-7.6,22.5,22.25,0.25,29.85,0.4002666666666669,0.383344262295082
836,42334,Maison en rangée,-7.85,22.5,22.25,0.25,30.1,0.38233333333333347,0.3718688524590166
836,42334,Maison en rangée,-8.1,22.5,22.25,0.25,30.35,0.37879999999999975,0.3922131147540986
836,42334,Maison en rangée,-8.2,22.5,22.25,0.25,30.45,0.40586666666666676,0.4026163934426231
836,42334,Maison en rangée,-8.3,22.5,22.25,0.25,30.55,0.3904952380952382,0.37027950819672106
836,42334,Maison en rangée,-8.4,22.5,22.25,0.25,30.65,0.38717142857142883,0.38317049180327833
836,42334,Maison en rangée,-8.5,22.5,22.25,0.25,30.75,0.39826666666666644,0.400747540983607
836,42334,Maison en rangée,-8,22.5,22.25,0.25,30.25,0.39246666666666624,0.3820357923497268
836,42334,Maison en rangée,-7.5,22.5,22.25,0.25,29.75,0.3838000000000002,0.3828166666666666
836,42334,Maison en rangée,-7,22.5,22.25,0.25,29.25,0.3865333333333338,0.3822459016393441
836,42334,Maison en rangée,-6.5,22.5,22.25,0.25,28.75,0.3726904761904761,0.363377049180328
836,42334,Maison en rangée,-5.95,22.5,22.25,0.25,28.2,0.3777761904761901,0.3736967213114758
836,42334,Maison en rangée,-5.4,22.5,23,-0.5,28.4,0.33733333333333304,0.28997567424642967
836,42334,Maison en rangée,-4.85,22.5,23,-0.5,27.85,0.22120000000000073,0.11012121767006375
836,42334,Maison en rangée,-4.3,22.5,23,-0.5,27.3,0.13783333333333303,0.04611598171956424
836,42334,Maison en rangée,-3.9499999999999997,22.5,22.5,0,26.45,0.11,0.04101322485848686
836,42334,Maison en rangée,-3.5999999999999996,22.5,22.5,0,26.1,0.09175,0.022342322520690138
836,42334,Maison en rangée,-3.25,22.5,23,-0.5,26.25,0.05475,0.005137356987900553
836,42334,Maison en rangée,-1,22.5,22.5,0,23.5,0.10075,0.06292030201342277
836,42334,Maison en rangée,-1.2,22.5,22.5,0,23.7,0.11916666666666606,0.0440367549668872
836,42334,Maison en rangée,-1.4,22.5,22.5,0,23.9,0.09158333333333393,0.0201344451596754
836,42334,Maison en rangée,-1.4,22.5,22.5,0,23.9,0.06425,0.012272391367745878
836,42334,Maison en rangée,-1.4,22.5,22,0.5,23.4,0.0825,0.04111691839656351
836,42334,Maison en rangée,-1.4,22.5,22,0.5,23.4,0.1375,0.0981137998365266
836,42334,Maison en rangée,-1.4,22.5,22.5,0,23.9,0.18336363636363603,0.1437379532163741
836,42334,Maison en rangée,-1.4749999999999999,22.5,22.5,0,23.975,0.19243636363636324,0.12730795255930116
836,42334,Maison en rangée,-1.5499999999999998,22.5,22.5,0,24.05,0.1835,0.12288343509292644
836,42334,Maison en rangée,-1.625,22.5,22.5,0,24.125,0.19270000000000073,0.1466507940110423
836,42334,Maison en rangée,-1.7,22.5,22.5,0,24.2,0.20163636363636397,0.14443150086667447
836,42334,Maison en rangée,-1.4,22.5,22.5,0,23.9,0.17423863636363604,0.08052090800867699
836,42334,Maison en rangée,-1.1,22.5,22.5,0,23.6,0.13741071428571378,0.06217425373134301
836,42334,Maison en rangée,-0.8,22.5,22.5,0,23.3,0.12842857142857247,0.06223469688594074
836,42334,Maison en rangée,-0.5,22.5,22.5,0,23,0.13741071428571378,0.07323095238095266
836,42334,Maison en rangée,-0.8,22.5,22.5,0,23.3,0.14675,0.08120201465201445
836,42334,Maison en rangée,-1.1,22.5,22.5,0,23.6,0.174125,0.139499051186016
836,42334,Maison en rangée,-1.4,22.5,22.5,0,23.9,0.20163636363636397,0.14916072476971384
836,42334,Maison en rangée,-1.7,5,22.75,-17.75,24.45,0.11036363636363604,0.013445783132530777
836,42334,Maison en rangée,-2.7,22.5,21.25,1.25,23.95,0.46279999999999993,0.46270491803278696
836,42334,Maison en rangée,-2.7,22.5,22,0.5,24.7,0.46173333333333333,0.45354098360655737
836,42334,Maison en rangée,-2.7,22.5,22.5,0,25.2,0.4064000000000001,0.3618557377049181
836,42334,Maison en rangée,-2.7,22.5,22.5,0,25.2,0.3635999999999999,0.3610333333333331
836,42334,Maison en rangée,-2.7,22.5,22.25,0.25,24.95,0.3816619047619049,0.3733946721311477
836,42334,Maison en rangée,-2.7750000000000004,22.5,22.25,0.25,25.025,0.3746714285714284,0.3823803278688524
836,42334,Maison en rangée,-2.85,22.5,23,-0.5,25.85,0.3599333333333334,0.32739016393442627
836,42334,Maison en rangée,-2.925,22.5,23,-0.5,25.925,0.28703809523809515,0.23760983606557398
836,42334,Maison en rangée,-3,22.5,22.5,0,25.5,0.22942857142857156,0.1536623950680423
836,42334,Maison en rangée,-3.025,22.5,22.5,0,25.525,0.202,0.14612174490279767
836,42334,Maison en rangée,-3.05,22.5,22.5,0,25.55,0.1836666666666665,0.1098563475563476
836,42334,Maison en rangée,-3.075,22.5,22.5,0,25.575,0.17443333333333386,0.11596381600145696
836,42334,Maison en rangée,-3.1,22.5,22.5,0,25.6,0.19271818181818162,0.14638027365301742
836,42334,Maison en rangée,-2.8,22.5,23,-0.5,25.8,0.17443181818181802,0.08574863930590891
836,42334,Maison en rangée,-2.5,22.5,22.5,0,25,0.12858333333333302,0.04285348677875314
836,42334,Maison en rangée,-2.2,22.5,22.5,0,24.7,0.11,0.04340329580802836
836,42334,Maison en rangée,-1.9,22.5,22.5,0,24.4,0.11033333333333394,0.04618352206545251
836,42334,Maison en rangée,-1.4,22.5,22.5,0,23.9,0.12845833333333304,0.07672973866929124
836,42334,Maison en rangée,-0.8999999999999999,22.5,22.25,0.25,23.15,0.174375,0.14214010936173874
836,42334,Maison en rangée,-0.3999999999999999,22.5,22.25,0.25,22.65,0.202,0.15168296150082689
836,42334,Maison en rangée,0.1,22.5,22.25,0.25,22.15,0.1928000000000002,0.12129921705011566
836,42334,Maison en rangée,0.25,22.5,23,-0.5,22.75,0.1561999999999998,0.0627598657718122
836,42334,Maison en rangée,0.4,22.5,22.5,0,22.1,0.11916666666666698,0.04412637320256999
836,42334,Maison en rangée,0.5499999999999999,22.5,22.5,0,21.95,0.12858333333333302,0.07782023809523798
836,42334,Maison en rangée,0.7,22.5,22.5,0,21.8,0.12841666666666696,0.04815055772432091
836,42334,Maison en rangée,1.175,22.5,22.75,-0.25,21.575,0.09208333333333303,0.019519758766067846
836,42334,Maison en rangée,1.65,22.5,22,0.5,20.35,0.08235000000000037,0.03252792174170206
836,42334,Maison en rangée,2.125,22.5,22.5,0,20.375,0.11939999999999963,0.07881428571428568
836,42334,Maison en rangée,2.6,22.5,23.25,-0.75,20.65,0.101,0.020007006636796634
836,42334,Maison en rangée,3.2,22.5,22.5,0,19.3,0.027,0.005893715083798876
836,42334,Maison en rangée,3.3000000000000003,22.5,22.5,0,19.2,0.037,0.004933869555887448
836,42334,Maison en rangée,3.4000000000000004,22.5,22,0.5,18.6,0.037,0.0061607833934340306
836,42334,Maison en rangée,3.5,22.5,22,0.5,18.5,0.08228571428571467,0.06267142857142835
836,42334,Maison en rangée,3.6,22.5,22,0.5,18.4,0.16525974025974027,0.13864308542892786
836,42334,Maison en rangée,3.55,22.5,22.5,0,18.95,0.202,0.1464316277729754
836,42334,Maison en rangée,3.5,22.5,23,-0.5,19.5,0.17432954545454504,0.0864571679147034
836,42334,Maison en rangée,3.45,22.5,22.5,0,19.05,0.11952499999999963,0.034196008044243026
836,42334,Maison en rangée,3.4,22.5,22.5,0,19.1,0.08235000000000037,0.019682975905475995
836,42334,Maison en rangée,3.25,22.5,22.5,0,19.25,0.05525,0.006763925570228139
836,42334,Maison en rangée,3.0999999999999996,22.5,22.5,0,19.4,0.037,0.004763490722250098
836,42334,Maison en rangée,2.9499999999999997,22.5,22.75,-0.25,19.8,0.027,0.0032111161116111665
836,42334,Maison en rangée,2.8,22.5,22,0.5,19.2,0.037,0.011904472757251141
836,42334,Maison en rangée,2.775,22.5,22,0.5,19.225,0.11022222222222262,0.09622770562770559
836,42334,Maison en rangée,2.75,22.5,22,0.5,19.25,0.19269444444444433,0.17539286095083845
836,42334,Maison en rangée,2.725,22.5,22.5,0,19.775,0.22954487179487115,0.20684065573770385
836,42334,Maison en rangée,2.7,22.5,22.5,0,19.8,0.22945512820512795,0.17539129375276935
836,42334,Maison en rangée,2.625,22.5,22.5,0,19.875,0.21117424242424385,0.14812520467836113
836,42334,Maison en rangée,2.55,22.5,22.5,0,19.95,0.2019090909090901,0.14770924450766507
836,42334,Maison en rangée,2.475,22.5,23,-0.5,20.525,0.18366666666666606,0.1059826707000866
836,42334,Maison en rangée,2.4,22.5,23,-0.5,20.6,0.12853333333333467,0.03254940282561544
836,42334,Maison en rangée,2.3,22.5,22.5,0,20.2,0.06429999999999927,0.005989356090764295
836,42334,Maison en rangée,2.2,22.5,22.5,0,20.3,0.06410000000000037,0.028031174242424704
836,42334,Maison en rangée,2.1,22.5,22.5,0,20.4,0.10123333333333358,0.04494971330956529
836,42334,Maison en rangée,2,22.5,22.5,0,20.5,0.12829166666666605,0.06911750073163603
836,42334,Maison en rangée,1.95,22.5,22.5,0,20.55,0.137875,0.06131335978835978
836,42334,Maison en rangée,1.9,22.5,22.5,0,20.6,0.12842857142857064,0.06240216361005484
836,42334,Maison en rangée,1.85,22.5,22.5,0,20.65,0.13769642857142936,0.08231433150183057
836,42334,Maison en rangée,1.8,22.5,22.5,0,20.7,0.146875,0.07891750325945304
836,42334,Maison en rangée,1.775,22.5,22.5,0,20.725,0.13771428571428623,0.06207288135593171
836,42334,Maison en rangée,1.75,22.5,22.5,0,20.75,0.12857142857142753,0.05923227611940334
836,42334,Maison en rangée,1.725,22.5,22.5,0,20.775,0.13758928571428625,0.0761249999999991
836,42334,Maison en rangée,1.7,5,22,-17,20.3,0.083125,0.01078695054945092
836,42335,Maison en rangée,-16.275000000000002,19.5,19.5,0,35.775000000000006,0.018333333333333257,0.44403607987336946
836,42335,Maison en rangée,-14.875,20.5,20.75,-0.25,35.625,0.18034065934065938,0.14398310146211793
836,42335,Maison en rangée,-14.45,21.5,20.75,0.75,35.2,0.16428571428571398,0.1625734426229508
836,42335,Maison en rangée,-14.025,21.5,21.5,0,35.525,0.17647619047619081,0.11993989071038277
836,42335,Maison en rangée,-13.6,21.5,21.5,0,35.1,0.1380238095238092,0.1761616666666664
836,42335,Maison en rangée,-13.25,21.5,21.5,0,34.75,0.12097619047619082,0.09182273667109712
836,42335,Maison en rangée,-12.899999999999999,21.5,21.5,0,34.4,0.10246666666666669,0.06595141208624386
836,42335,Maison en rangée,-12.549999999999999,21.5,21.5,0,34.05,0.10236666666666633,0.08913823045695017
836,42335,Maison en rangée,-12.2,21.5,22,-0.5,34.2,0.09320833333333349,0.048103891609730456
836,42335,Maison en rangée,-11.725,21.5,22,-0.5,33.725,0.05095833333333349,0.005513182837021323
836,42335,Maison en rangée,-11.25,21.5,21.666666666666668,-0.16666666666666785,32.91666666666667,0.018666666666666516,0.0014967582711315117
836,42335,Maison en rangée,-10.775,21.5,22,-0.5,32.775,0.009,0.0006953185843416787
836,42335,Maison en rangée,-7.725,21.5,21,0.5,28.725,0.032333333333333485,0.016980466532043163
836,42335,Maison en rangée,-7.7,21.5,21,0.5,28.7,0.06504166666666651,0.038431315577078067
836,42335,Maison en rangée,-7.95,21.5,21.5,0,29.45,0.07929166666666651,0.05163250195497358
836,42335,Maison en rangée,-8.2,21.5,21.5,0,29.7,0.08366666666666697,0.0515898824957817
836,42335,Maison en rangée,-8.45,21.5,21.75,-0.25,30.2,0.07452380952380917,0.03149554136017544
836,42335,Maison en rangée,-8.7,21.5,21,0.5,29.7,0.08377922077922086,0.07180602233812783
836,42335,Maison en rangée,-9.125,21.5,21.5,0,30.625,0.11167132867132887,0.10776567567567553
836,42335,Maison en rangée,-9.55,21.5,22,-0.5,31.55,0.11178321678321664,0.07383993601145267
836,42335,Maison en rangée,-9.975,21.5,22,-0.5,31.975,0.08376623376623366,0.03161840843720051
836,42335,Maison en rangée,-10.4,21.5,22,-0.5,32.4,0.05114285714285734,0.012546280502187944
836,42335,Maison en rangée,-9.375,21.5,21.5,0,30.875,0.065,0.0559244166564475
836,42335,Maison en rangée,-8.75,21.5,21.5,0,30.25,0.0745,0.033016590126291705
836,42335,Maison en rangée,-8.125,21.5,21.5,0,29.625,0.06516666666666651,0.030207383251808325
836,42335,Maison en rangée,-0.1,21.5,20.75,0.75,20.85,0.2386,0.23696666666666666
836,42335,Maison en rangée,-0.05,21.5,21.5,0,21.55,0.20860000000000004,0.17257677595628418
836,42335,Maison en rangée,0,21.5,22,-0.5,22,0.1431952380952381,0.13048155737704917
836,42335,Maison en rangée,0.05000000000000002,21.5,22,-0.5,21.95,0.1127714285714286,0.06159269105798762
836,42335,Maison en rangée,0.1,21.5,21.5,0,21.4,0.07513333333333333,0.023048794986413327
836,42335,Maison en rangée,0.125,21.5,21,0.5,20.875,0.07998484848484849,0.07011520712650333
836,42335,Maison en rangée,0.15000000000000002,21.5,21.5,0,21.35,0.11546753246753236,0.12082500000000004
836,42335,Maison en rangée,0.17500000000000002,21.5,21.5,0,21.325,0.12602197802197815,0.11858694727514399
836,42335,Maison en rangée,0.2,21.5,21.5,0,21.3,0.122,0.10168738738738761
836,42335,Maison en rangée,0.225,21.5,22,-0.5,21.775,0.09844230769230762,0.04529086248075987
836,42335,Maison en rangée,0.25,21.5,22,-0.5,21.75,0.05158333333333326,0.008104770251645884
836,42335,Maison en rangée,0.35,21.5,21.25,0.25,20.9,0.0425,0.030539796591120955
836,42335,Maison en rangée,0.4,21.5,21.5,0,21.1,0.075,0.049950348808494825
836,42335,Maison en rangée,0.45,21.5,21.5,0,21.05,0.07975,0.04230784493284489
836,42335,Maison en rangée,0.5,21.5,22,-0.5,21.5,0.06558333333333326,0.02280888825105247
836,42335,Maison en rangée,0.65,21.5,22,-0.5,21.35,0.037666666666666744,0.003598472630681802
836,42335,Maison en rangée,0.8,21.5,21.25,0.25,20.45,0.023333333333333258,0.0063585923836739534
836,42335,Maison en rangée,0.9500000000000001,21.5,21.25,0.25,20.3,0.04216666666666674,0.023487976346374163
836,42335,Maison en rangée,1.1,21.5,21.333333333333332,0.16666666666666785,20.23333333333333,0.065625,0.04149219187675078
836,42335,Maison en rangée,1.3,21.5,21.333333333333332,0.16666666666666785,20.03333333333333,0.08447499999999991,0.06040735738980106
836,42335,Maison en rangée,1.5,21.5,21.333333333333332,0.16666666666666785,19.833333333333332,0.0890666666666666,0.052373643222830654
836,42335,Maison en rangée,1.7,21.5,21.333333333333332,0.16666666666666785,19.633333333333333,0.0844444444444448,0.04961182296667744
836,42335,Maison en rangée,1.9,21.5,21.333333333333332,0.16666666666666785,19.433333333333334,0.08433333333333302,0.04858510412808209
836,42335,Maison en rangée,1.975,21.5,21.333333333333332,0.16666666666666785,19.35833333333333,0.0751269841269841,0.03447310924369731
836,42335,Maison en rangée,2.05,21.5,21.333333333333332,0.16666666666666785,19.28333333333333,0.07030357142857156,0.03718720821662009
836,42335,Maison en rangée,2.125,21.5,21.333333333333332,0.16666666666666785,19.208333333333332,0.07026785714285734,0.03116535210128215
836,42335,Maison en rangée,2.2,21.5,22,-0.5,19.8,0.04235714285714266,0.004802347831507557
836,42335,Maison en rangée,3,21.5,21,0.5,18,0.0425,0.01997296294216202
836,42335,Maison en rangée,3,21.5,21.5,0,18.5,0.06083333333333348,0.029461285025090923
836,42335,Maison en rangée,3,21.5,21.5,0,18.5,0.06571428571428578,0.02970253279059254
836,42335,Maison en rangée,2.925,21.5,21.5,0,18.575,0.06095238095238074,0.025590547263681554
836,42335,Maison en rangée,2.85,21.5,21.5,0,18.65,0.051533333333333306,0.016712192649354012
836,42335,Maison en rangée,2.7750000000000004,21.5,22,-0.5,19.225,0.0374666666666667,0.006445118126433954
836,42335,Maison en rangée,2.475,21.5,21.5,0,19.025,0.023666666666666517,0.00430273815302265
836,42335,Maison en rangée,2.4,21.5,21,0.5,18.6,0.023333333333333484,0.003428943681455405
836,42335,Maison en rangée,2.2,21.5,21,0.5,18.8,0.051666666666666514,0.052605671948054204
836,42335,Maison en rangée,2,21.5,21.5,0,19.5,0.08913333333333366,0.06506339204372921
836,42335,Maison en rangée,1.8,21.5,21.5,0,19.7,0.08897777777777764,0.055366877941035224
836,42335,Maison en rangée,1.6,21.5,21.5,0,19.9,0.09852222222222236,0.0607876848774478
836,42335,Maison en rangée,1.5,21.5,21.5,0,20,0.08914444444444417,0.05442436617689464
836,42335,Maison en rangée,1.4,21.5,21.5,0,20.1,0.08905555555555565,0.060660192616372344
836,42335,Maison en rangée,1.3,21.5,22,-0.5,20.7,0.084375,0.0427290172998039
836,42335,Maison en rangée,1.2,21.5,21.5,0,20.3,0.07041071428571422,0.03005557920687382
836,42335,Maison en rangée,1.275,21.5,21.5,0,20.225,0.07504761904761927,0.048683127546610874
836,42335,Maison en rangée,1.35,21.5,21.5,0,20.15,0.08433333333333302,0.05235361155698229
836,42335,Maison en rangée,1.425,21.5,21.5,0,20.075,0.0844444444444448,0.05233041116187155
836,42335,Maison en rangée,1.5,5,21,-16,19.5,0.04688888888888869,0.005422632423756113
836,42335,Maison en rangée,-0.5,21.5,21.25,0.25,21.75,0.2242666666666667,0.19373114754098358
836,42335,Maison en rangée,-0.275,21.5,21.75,-0.25,22.025,0.14331282051282052,0.11337605966622359
836,42335,Maison en rangée,-0.04999999999999999,21.5,21.833333333333332,-0.33333333333333215,21.883333333333333,0.11242657342657339,0.07369848413884938
836,42335,Maison en rangée,0.17500000000000004,21.5,21.5,0,21.325,0.09862727272727273,0.06320914097762409
836,42335,Maison en rangée,0.4,21.5,21.5,0,21.1,0.10310000000000002,0.0894602402402403
836,42335,Maison en rangée,-0.22499999999999998,21.5,21.5,0,21.725,0.10781818181818187,0.07646886526976414
836,42335,Maison en rangée,-0.85,21.5,22,-0.5,22.85,0.09373737373737367,0.04975632178202397
836,42335,Maison en rangée,-1.475,21.5,21.75,-0.25,23.225,0.07044444444444446,0.025061897013540908
836,42335,Maison en rangée,-2.1,21.5,21.75,-0.25,23.85,0.0375,0.005077647336174096
836,42335,Maison en rangée,-2.35,21.5,21.5,0,23.85,0.019,0.002135573356314997
836,42335,Maison en rangée,-2.6,21.5,21.5,0,24.1,0.0135,0.001128207180575771
836,42335,Maison en rangée,-2.85,21.5,21,0.5,23.85,0.019,0.005198154007366463
836,42335,Maison en rangée,-3.1,21.5,21.75,-0.25,24.85,0.0235,0.0059203647982812605
836,42335,Maison en rangée,-3.625,21.5,21.5,0,25.125,0.04216666666666674,0.022508703927232733
836,42335,Maison en rangée,-3.8,21.5,21.25,0.25,25.05,0.06570833333333326,0.035428700455573676
836,42335,Maison en rangée,-3.9749999999999996,21.5,21.25,0.25,25.225,0.06092499999999995,0.017200275003880394
836,42335,Maison en rangée,-4.15,21.5,21.25,0.25,25.4,0.060950000000000046,0.03809047619047624
836,42335,Maison en rangée,-4.325,21.5,21.25,0.25,25.575,0.075,0.038436436112906675
836,42335,Maison en rangée,-4.5,21.5,21.25,0.25,25.75,0.07025,0.03302499999999998
836,42335,Maison en rangée,-4.65,21.5,21.75,-0.25,26.4,0.05640000000000009,0.016091013737999538
836,42335,Maison en rangée,-4.8,21.5,21.75,-0.25,26.55,0.05631428571428569,0.030113571069003305
836,42335,Maison en rangée,-4.949999999999999,21.5,21.75,-0.25,26.7,0.07028571428571422,0.038982272139625136
836,42335,Maison en rangée,-5.1,21.5,21.75,-0.25,26.85,0.07028571428571422,0.032527072912392894
836,42335,Maison en rangée,-5.1499999999999995,21.5,21.75,-0.25,26.9,0.07033928571428578,0.0381951141185607
836,42335,Maison en rangée,-5.199999999999999,21.5,21.75,-0.25,26.95,0.070375,0.03316827731092439
836,42335,Maison en rangée,-5.25,21.5,21.75,-0.25,27,0.061,0.024280039568994466
836,42335,Maison en rangée,-5.3,21.5,21.75,-0.25,27.05,0.056333333333333485,0.021881608805097135
836,42335,Maison en rangée,-5.375,21.5,21.75,-0.25,27.125,0.060809523809523855,0.02960303030303021
836,42335,Maison en rangée,-5.449999999999999,21.5,21.75,-0.25,27.2,0.056257142857142756,0.015873601999375295
836,42335,Maison en rangée,-5.5249999999999995,21.5,22,-0.5,27.525,0.03309999999999991,0.004647530803376936
836,42335,Maison en rangée,-5.6,21.5,21.5,0,27.1,0.0135,0.0012976711946318703
836,42335,Maison en rangée,-5.625,21.5,21,0.5,26.625,0.03316666666666652,0.01707007418396436
836,42335,Maison en rangée,-5.65,21.5,21.5,0,27.15,0.056333333333333485,0.02472962519156423
836,42335,Maison en rangée,-5.675,21.5,21.5,0,27.175,0.06092857142857156,0.028804115885894894
836,42335,Maison en rangée,-5.7,21.5,21.5,0,27.2,0.06090476190476193,0.02482726338479112
836,42335,Maison en rangée,-5.7,21.5,21.5,0,27.2,0.06095238095238074,0.030235627418463234
836,42335,Maison en rangée,-5.7,21.5,21.5,0,27.2,0.06571428571428578,0.029917910447761112
836,42335,Maison en rangée,-5.7,21.5,21.5,0,27.2,0.06571428571428578,0.03254166666666674
836,42335,Maison en rangée,-5.7,21.5,21.5,0,27.2,0.07028571428571422,0.03770623249299706
836,42335,Maison en rangée,-5.725,21.5,21.5,0,27.225,0.07028571428571422,0.032677100840336155
836,42335,Maison en rangée,-5.75,21.5,21.5,0,27.25,0.06596428571428578,0.032674999999999954
836,42335,Maison en rangée,-5.775,21.5,21.5,0,27.275,0.06275,0.025038016891316295
836,42335,Maison en rangée,-5.8,21.5,21.5,0,27.3,0.061,0.029174697726876503
836,42335,Maison en rangée,-5.925,21.5,21.5,0,27.425,0.060666666666666515,0.024257761194029705
836,42335,Maison en rangée,-6.05,21.5,21.5,0,27.55,0.05616666666666697,0.02271981357196114
836,42335,Maison en rangée,-6.175,21.5,21.5,0,27.675,0.05616666666666652,0.02182180662410648
836,42335,Maison en rangée,-6.3,21.5,21.5,0,27.8,0.05616666666666652,0.021967377089689533
836,42335,Maison en rangée,-6.5,21.5,21.5,0,28,0.04216666666666697,0.007313413602092661
836,42335,Maison en rangée,-6.699999999999999,21.5,21.5,0,28.2,0.028,0.006035364921894233
836,42335,Maison en rangée,-6.8999999999999995,21.5,21.5,0,28.4,0.023166666666666516,0.002946337616123964
836,42335,Maison en rangée,-8.95,21.5,21.5,0,30.45,0.0135,0.0011147592274357407
836,42335,Maison en rangée,-9.2,21.5,21.5,0,30.7,0.019,0.0031196582756839756
836,42335,Maison en rangée,-9.45,21.5,21.5,0,30.95,0.023166666666666516,0.0059406085074766
836,42335,Maison en rangée,-13.1,21.5,20.25,1.25,33.35,0.23733333333333337,0.23680573770491803
836,42335,Maison en rangée,-13.175,21.5,21.25,0.25,34.425,0.2316666666666667,0.213944262295082
836,42335,Maison en rangée,-13.25,21.5,21.25,0.25,34.5,0.18293333333333328,0.1640333333333333
836,42335,Maison en rangée,-13.325,21.5,21.25,0.25,34.575,0.14972380952380956,0.13736666666666666
836,42335,Maison en rangée,-13.4,21.5,21.75,-0.25,35.15,0.1427857142857142,0.12585792349726768
836,42335,Maison en rangée,-13.525,21.5,21.75,-0.25,35.275,0.1265109890109891,0.10670497470072815
836,42335,Maison en rangée,-13.65,21.5,21.75,-0.25,35.4,0.10730069930069931,0.07462639861106084
836,42335,Maison en rangée,-13.775,21.5,21.75,-0.25,35.525,0.10154545454545451,0.07749166520157064
836,42335,Maison en rangée,-13.9,21.5,22,-0.5,35.9,0.084,0.03785954672346619
836,42335,Maison en rangée,-13.925,21.5,22,-0.5,35.925,0.037,0.002148740420759668
836,42335,Maison en rangée,-13.925,21.5,21.5,0,35.425,0.03740000000000009,0.017410764543452653
836,42335,Maison en rangée,-13.9,21.5,21.5,0,35.4,0.04659999999999991,0.015172319242720278
836,42335,Maison en rangée,-13.8,21.5,21,0.5,34.8,0.06959999999999991,0.06277767927500326
836,42335,Maison en rangée,-13.7,21.5,21.5,0,35.2,0.10332307692307699,0.10669903508771926
836,42335,Maison en rangée,-13.6,21.5,21.5,0,35.1,0.121,0.10230362256993818
836,42335,Maison en rangée,-13.5,21.5,21.5,0,35,0.11632692307692309,0.09131055002370805
836,42335,Maison en rangée,-13.2,21.5,21.5,0,34.7,0.1071136363636365,0.07762077213227417
836,42335,Maison en rangée,-12.9,21.5,21.5,0,34.4,0.10227272727272703,0.07581234436683894
836,42335,Maison en rangée,-12.600000000000001,21.5,21.5,0,34.1,0.10254545454545451,0.07552306291474838
836,42335,Maison en rangée,-12.3,21.5,21.5,0,33.8,0.10236363636363649,0.07609459122043404
836,42335,Maison en rangée,-12.225000000000001,21.5,21.5,0,33.725,0.09775454545454568,0.062383333333332756
836,42335,Maison en rangée,-12.15,21.5,21.5,0,33.65,0.09769999999999981,0.07233806372491768
836,42335,Maison en rangée,-12.075,21.5,22,-0.5,34.075,0.09311111111111131,0.05579303201522293
836,42335,Maison en rangée,-12,21.5,21.25,0.25,33.25,0.07926388888888869,0.03778011114722706
836,42335,Maison en rangée,-11.95,21.5,21.5,0,33.45,0.097625,0.10942121067789094
836,42335,Maison en rangée,-11.9,21.5,22,-0.5,33.9,0.11633333333333348,0.08808158467456201
836,42335,Maison en rangée,-11.850000000000001,21.5,21.5,0,33.35,0.0883809523809523,0.03264682277405336
836,42335,Maison en rangée,-11.8,21.5,21.5,0,33.3,0.06991071428571421,0.04028717679379452
836,42335,Maison en rangée,-11.700000000000001,21.5,21.5,0,33.2,0.07915277777777782,0.04937358470181516
836,42335,Maison en rangée,-11.600000000000001,21.5,21.5,0,33.1,0.08842222222222199,0.061344420435993245
836,42335,Maison en rangée,-11.5,21.5,21.5,0,33,0.0884666666666667,0.052307377111028924
836,42335,Maison en rangée,-11.4,21.5,21.5,0,32.9,0.08833333333333349,0.06134736661590614
836,42335,Maison en rangée,-11.4,21.5,21.5,0,32.9,0.09319999999999982,0.06168191323345809
836,42335,Maison en rangée,-11.4,21.5,21.5,0,32.9,0.09310000000000036,0.06055318180570975
836,42335,Maison en rangée,-11.4,21.5,21.5,0,32.9,0.08836666666666633,0.05261212546816478
836,42335,Maison en rangée,-11.4,21.5,21.5,0,32.9,0.08843333333333339,0.06142735865881946
836,42335,Maison en rangée,-11.4,21.5,21.5,0,32.9,0.0930999999999999,0.061091804886748605
836,42335,Maison en rangée,-11.4,21.5,21.5,0,32.9,0.09310000000000036,0.06250506423975571
836,42335,Maison en rangée,-11.4,21.5,21.5,0,32.9,0.0884777777777772,0.051901007154518085
836,42335,Maison en rangée,-11.4,21.5,21.5,0,32.9,0.08842222222222244,0.062475960969840344
836,42335,Maison en rangée,-11.4,21.5,21.5,0,32.9,0.09310000000000036,0.05961136971642691
836,42335,Maison en rangée,-11.4,21.5,21.5,0,32.9,0.093,0.06162031019854067
836,42335,Maison en rangée,-11.4,21.5,21.5,0,32.9,0.08858888888888851,0.052083753481225355
836,42335,Maison en rangée,-11.4,21.5,21.5,0,32.9,0.0884111111111115,0.06060111467808156
836,42335,Maison en rangée,-11.5,21.5,21.5,0,33,0.08836666666666679,0.052117487816215544
836,42335,Maison en rangée,-11.600000000000001,21.5,21.5,0,33.1,0.07447619047618992,0.030221255394049875
836,42335,Maison en rangée,-11.700000000000001,21.5,21.5,0,33.2,0.0651428571428578,0.03058140914665258
836,42335,Maison en rangée,-11.8,21.5,21.5,0,33.3,0.060714285714285325,0.02512288557213954
836,42335,Maison en rangée,-11.725000000000001,21.5,21.5,0,33.225,0.06028571428571468,0.02963615257048074
836,42335,Maison en rangée,-11.65,21.5,21.5,0,33.15,0.06528571428571377,0.0290054818500095
836,42335,Maison en rangée,-11.575,21.5,21.5,0,33.075,0.06514285714285688,0.02933924820342736
836,42335,Maison en rangée,-11.5,21.5,21.5,0,33,0.0651428571428578,0.030492034226625643
836,42335,Maison en rangée,-11.45,21.5,21.5,0,32.95,0.06976785714285688,0.03895070297349776
836,42335,Maison en rangée,-11.4,21.5,21.5,0,32.9,0.0745,0.040508150183150064
836,42335,Maison en rangée,-11.350000000000001,21.5,21.5,0,32.85,0.07920833333333303,0.04973099816849799
836,42335,Maison en rangée,-11.3,21.5,21.5,0,32.8,0.08366666666666697,0.05189533893073212
836,42335,Maison en rangée,-11.375,21.5,21.5,0,32.875,0.0838888888888887,0.05222613285590887
836,42335,Maison en rangée,-11.45,21.5,21.5,0,32.95,0.0884111111111115,0.058043121578795306
836,42335,Maison en rangée,-11.525,21.5,21.5,0,33.025,0.08369999999999982,0.043863393512359836
836,42335,Maison en rangée,-11.6,5,21,-16,32.6,0.042,0.005282021044992689
836,42335,Maison en rangée,-13.55,21.5,19.75,1.75,33.3,0.23486666666666664,0.23456321839080457
836,42335,Maison en rangée,-13.5,21.5,20.75,0.75,34.25,0.23526666666666665,0.23005426794799325
836,42335,Maison en rangée,-13.45,21.5,20.75,0.75,34.2,0.22966666666666674,0.21136584699453556
836,42335,Maison en rangée,-13.4,21.5,21.5,0,34.9,0.1787285714285714,0.1615083333333334
836,42335,Maison en rangée,-13.575,21.5,21.5,0,35.075,0.16507142857142856,0.16608333333333325
836,42335,Maison en rangée,-13.75,21.5,21.5,0,35.25,0.16073333333333334,0.15741666666666673
836,42335,Maison en rangée,-13.925,21.5,21.5,0,35.425,0.1624666666666667,0.1621120218579233
836,42335,Maison en rangée,-14.1,21.5,21.5,0,35.6,0.17166666666666652,0.17516393442622963
836,42335,Maison en rangée,-14.15,21.5,22,-0.5,36.15,0.1789333333333334,0.17535737704918028
836,42335,Maison en rangée,-14.2,21.5,22,-0.5,36.2,0.13770000000000004,0.10066695564970007
836,42335,Maison en rangée,-14.25,21.5,21.5,0,35.75,0.092875,0.03784780578898233
836,42335,Maison en rangée,-14.3,21.5,21,0.5,35.3,0.09279166666666651,0.09323090199115791
836,42335,Maison en rangée,-14.25,21.5,21,0.5,35.25,0.15083333333333349,0.19027868852459004
836,42335,Maison en rangée,-14.2,21.5,21.5,0,35.7,0.2079333333333334,0.15593442622950807
836,42335,Maison en rangée,-14.15,21.5,21.5,0,35.65,0.1975333333333333,0.24442622950819667
836,42335,Maison en rangée,-14.1,21.5,21.5,0,35.6,0.1920666666666666,0.18645901639344264
836,42335,Maison en rangée,-13.925,21.5,21.5,0,35.425,0.1874666666666667,0.18271229508196712
836,42335,Maison en rangée,-13.75,21.5,21.5,0,35.25,0.176,0.16587500000000022
836,42335,Maison en rangée,-13.575,21.5,21.5,0,35.075,0.17066666666666652,0.17558333333333348
836,42335,Maison en rangée,-13.4,21.5,21.5,0,34.9,0.17093333333333338,0.16592076502732242
836,42335,Maison en rangée,-13.125,21.5,21.5,0,34.625,0.16526666666666687,0.1658196721311474
836,42335,Maison en rangée,-12.850000000000001,21.5,21.5,0,34.35,0.1504000000000001,0.1378196721311474
836,42335,Maison en rangée,-12.575000000000001,21.5,21.5,0,34.075,0.13466190476190468,0.12374619701668939
836,42335,Maison en rangée,-12.3,21.5,21.5,0,33.8,0.12537912087912081,0.10408873835434315
836,42335,Maison en rangée,-12.05,21.5,21.5,0,33.55,0.11602564102564066,0.09221810810810849
836,42335,Maison en rangée,-11.8,21.5,22,-0.5,33.8,0.10216666666666697,0.0645366625268307
836,42335,Maison en rangée,-11.55,21.5,21.5,0,33.05,0.083625,0.03840034224250349
836,42335,Maison en rangée,-11.3,21.5,22,-0.5,33.3,0.050875,0.009934111181096432
836,42335,Maison en rangée,-12.049999999999999,21.5,21,0.5,33.05,0.04625,0.03580061887005263
836,42335,Maison en rangée,-12.399999999999999,21.5,21.5,0,33.9,0.08364999999999964,0.05760609437379117
836,42335,Maison en rangée,-12.75,21.5,21.5,0,34.25,0.08347500000000037,0.04306332417582462
836,42335,Maison en rangée,-13.1,21.5,21.5,0,34.6,0.074375,0.03969971988795533
836,42335,Maison en rangée,-13.45,21.5,21.5,0,34.95,0.06960714285714312,0.03166228730298083
836,42335,Maison en rangée,-13.8,21.5,21.5,0,35.3,0.065,0.028224409273542733
836,42335,Maison en rangée,-14.15,21.5,21,0.5,35.15,0.0742539682539682,0.05247627025098973
836,42335,Maison en rangée,-14.5,21.5,21.333333333333332,0.16666666666666785,35.83333333333333,0.09755555555555566,0.09072334832292608
836,42335,Maison en rangée,-14.625,21.5,21.333333333333332,0.16666666666666785,35.95833333333333,0.10678787878787807,0.07566595367038963
836,42335,Maison en rangée,-14.75,21.5,21.333333333333332,0.16666666666666785,36.08333333333333,0.0974454545454546,0.06058599293206089
836,42335,Maison en rangée,-14.875,21.5,21.333333333333332,0.16666666666666785,36.20833333333333,0.08821111111111167,0.0528684493914825
836,42335,Maison en rangée,-15,21.5,21.333333333333332,0.16666666666666785,36.33333333333333,0.08838888888888868,0.0596213335744801
836,42335,Maison en rangée,-15.675,21.5,21.333333333333332,0.16666666666666785,37.00833333333333,0.08827777777777737,0.052464997111819685
836,42335,Maison en rangée,-16.35,21.5,21.333333333333332,0.16666666666666785,37.68333333333334,0.07422222222222262,0.03251375266524519
836,42335,Maison en rangée,-17.025,21.5,21.333333333333332,0.16666666666666785,38.358333333333334,0.069625,0.036930696970656145
836,42335,Maison en rangée,-22.875,23,20.5,2.5,43.375,0.2370666666666667,0.23736666666666664
836,42335,Maison en rangée,-22.85,21.5,21.25,0.25,44.1,0.21553333333333335,0.17980000000000002
836,42335,Maison en rangée,-22.825,21.5,21.25,0.25,44.075,0.1620666666666666,0.1575
836,42335,Maison en rangée,-22.8,20.5,21,-0.5,43.8,0.09373333333333335,0.02780327868852464
836,42335,Maison en rangée,-16.675,20.5,21,-0.5,37.675,0.15795384615384614,0.15224999999999989
836,42335,Maison en rangée,-16.35,21.5,21,0.5,37.35,0.17533333333333348,0.20474836065573776
836,42335,Maison en rangée,-16.025,21.5,21.5,0,37.525,0.1845333333333333,0.15770163934426226
836,42335,Maison en rangée,-15.7,21.5,21.5,0,37.2,0.15279999999999996,0.14785573770491806
836,42335,Maison en rangée,-15.299999999999999,21.5,21.5,0,36.8,0.1393904761904762,0.1302525956284153
836,42335,Maison en rangée,-14.899999999999999,21.5,22,-0.5,36.9,0.11696103896103886,0.07664552643622141
836,42335,Maison en rangée,-14.5,21.5,21.25,0.25,35.75,0.09818181818181825,0.0641349467145584
836,42335,Maison en rangée,-14.1,21.5,21.25,0.25,35.35,0.1289333333333334,0.1670666666666666
836,42335,Maison en rangée,-13.7,21.5,21.5,0,35.2,0.17766666666666653,0.1765136612021861
836,42335,Maison en rangée,-13.3,21.5,21.5,0,34.8,0.15925714285714276,0.13973073770491806
836,42335,Maison en rangée,-12.9,21.5,21.5,0,34.4,0.1469428571428575,0.14781393442622948
836,42335,Maison en rangée,-12.5,21.5,21.5,0,34,0.14039999999999964,0.13534999999999991
836,42335,Maison en rangée,-12.4,21.5,21.5,0,33.9,0.13565714285714284,0.12253063063063065
836,42335,Maison en rangée,-12.3,21.5,22,-0.5,34.3,0.10747619047619082,0.053500645335057016
836,42335,Maison en rangée,-12.2,21.5,21.5,0,33.7,0.07033333333333303,0.022993038084011538
836,42335,Maison en rangée,-12.1,21.5,21.5,0,33.6,0.056,0.02383636345420473
836,42335,Maison en rangée,-11.9,21.5,22,-0.5,33.9,0.051533333333333306,0.018369142273719184
836,42335,Maison en rangée,-11.7,21.5,21.5,0,33.2,0.0374666666666667,0.005375996666203719
836,42335,Maison en rangée,-11.5,21.5,21.5,0,33,0.028,0.006320441310959086
836,42335,Maison en rangée,-11.3,21.5,21.5,0,32.8,0.032583333333333485,0.008271878572990499
836,42335,Maison en rangée,-11.25,21.5,21.5,0,32.75,0.03775,0.010853026133750518
836,42335,Maison en rangée,-11.2,21.5,21.5,0,32.7,0.046666666666666516,0.021276415097366757
836,42335,Maison en rangée,-11.15,21.5,21.5,0,32.65,0.056,0.022791281415643877
836,42335,Maison en rangée,-11.1,21.5,21.5,0,32.6,0.05616666666666697,0.023253252634983936
836,42335,Maison en rangée,-11.35,21.5,21.5,0,32.85,0.06088095238095229,0.02732317673378073
836,42335,Maison en rangée,-11.6,21.5,21.5,0,33.1,0.06078571428571422,0.023109413373104567
836,42335,Maison en rangée,-11.85,21.5,21.5,0,33.35,0.05616666666666652,0.022528938871757723
836,42335,Maison en rangée,-12.1,21.5,21.5,0,33.6,0.056,0.022202747312707896
836,42335,Maison en rangée,-12.4,21.5,21.5,0,33.9,0.051733333333333575,0.01739467600161731
836,42335,Maison en rangée,-12.7,21.5,21.5,0,34.2,0.05588571428571413,0.029507979709296705
836,42335,Maison en rangée,-13,21.5,21.5,0,34.5,0.07008928571428578,0.03709852941176473
836,42335,Maison en rangée,-13.3,21.5,21.5,0,34.8,0.06991071428571421,0.033279621848739456
836,42335,Maison en rangée,-13.325000000000001,21.5,21.5,0,34.825,0.07008928571428578,0.038862411118293264
836,42335,Maison en rangée,-13.350000000000001,21.5,21,0.5,34.35,0.088625,0.07169103844854112
836,42335,Maison en rangée,-13.375,21.5,21.5,0,34.875,0.112,0.10378689829510586
836,42335,Maison en rangée,-13.4,21.5,21,0.5,34.4,0.126,0.12458310810810826
836,42335,Maison en rangée,-13.325,21.5,21.5,0,34.825,0.14773333333333358,0.1573360655737706
836,42335,Maison en rangée,-13.25,21.5,21.5,0,34.75,0.15873333333333267,0.15767213114754122
836,42335,Maison en rangée,-13.175,21.5,21.5,0,34.675,0.15180000000000018,0.14769180327868797
836,42335,Maison en rangée,-13.1,21.5,21.5,0,34.6,0.13973333333333357,0.13388333333333366
836,42335,Maison en rangée,-13.05,21.5,21.5,0,34.55,0.14960000000000037,0.148688524590164
836,42335,Maison en rangée,-13,21.5,22,-0.5,35,0.13904285714285652,0.12344742135578189
836,42335,Maison en rangée,-12.95,21.5,21.5,0,34.45,0.12135714285714312,0.08664233807367737
836,42335,Maison en rangée,-11.5,21.5,20.25,1.25,31.75,0.236,0.23680109289617488
836,42335,Maison en rangée,-11.825,21.5,21,0.5,32.825,0.23453333333333337,0.2250841530054645
836,42335,Maison en rangée,-12.15,21.5,21.5,0,33.65,0.19893333333333327,0.17729508196721316
836,42335,Maison en rangée,-12.475000000000001,21.5,21.5,0,33.975,0.17626666666666665,0.17404918032786873
836,42335,Maison en rangée,-12.8,21.5,22,-0.5,34.8,0.15854761904761916,0.14801912568306022
836,42335,Maison en rangée,-12.600000000000001,21.5,21.666666666666668,-0.16666666666666785,34.266666666666666,0.14298571428571427,0.13127595628415292
836,42335,Maison en rangée,-12.4,21.5,22,-0.5,34.4,0.12116363636363621,0.08076329120543732
836,42335,Maison en rangée,-12.2,21.5,21.5,0,33.7,0.092969696969697,0.05245486479812325
836,42335,Maison en rangée,-12,21.5,22,-0.5,34,0.07452380952380963,0.033776541863518784
836,42335,Maison en rangée,-11.85,21.5,21.5,0,33.35,0.05574285714285702,0.014358797183206718
836,42335,Maison en rangée,-11.7,21.5,21.5,0,33.2,0.03740000000000009,0.006393344358054435
836,42335,Maison en rangée,-11.55,21.5,21.5,0,33.05,0.028,0.006005383142978758
836,42335,Maison en rangée,-11.4,21.5,21.5,0,32.9,0.027666666666666742,0.005345525247373416
836,42335,Maison en rangée,-10.9,21.5,21.5,0,32.4,0.023333333333333258,0.0024624922238316513
836,42335,Maison en rangée,-10.4,21.5,21,0.5,31.4,0.056,0.0628748712376544
836,42335,Maison en rangée,-9.9,21.5,21.5,0,31.4,0.107,0.10357078859681611
836,42335,Maison en rangée,-9.4,21.5,22,-0.5,31.4,0.10233333333333326,0.05582693131410607
836,42335,Maison en rangée,-9.025,21.5,22,-0.5,31.025,0.060666666666666744,0.01040539373425186
836,42335,Maison en rangée,-8.65,21.5,21.5,0,30.15,0.032333333333333485,0.006022559021332367
836,42335,Maison en rangée,-8.275,21.5,21,0.5,29.275,0.056,0.05073122202104673
836,42335,Maison en rangée,-7.9,21.5,21.5,0,29.4,0.08836666666666633,0.06575479613892549
836,42335,Maison en rangée,-7.4,21.5,21.5,0,28.9,0.06530000000000018,0.026694661402975953
836,42335,Maison en rangée,-6.9,21.5,21.5,0,28.4,0.1535999999999999,0.03487933432869296
836,42335,Maison en rangée,-6.4,21.5,22,-0.5,28.4,0.046400000000000094,0.01914815137089251
836,42335,Maison en rangée,-5.9,21.5,21.5,0,27.4,0.042,0.010030159585269871
836,42335,Maison en rangée,-5.65,21.5,21.25,0.25,26.9,0.06044444444444434,0.048182219568315074
836,42335,Maison en rangée,-5.4,21.5,22,-0.5,27.4,0.07918055555555566,0.041287505247561286
836,42335,Maison en rangée,-5.15,21.5,22,-0.5,27.15,0.046875,0.0050081818181819246
836,42335,Maison en rangée,-4.9,21.5,21.5,0,26.4,0.0135,0.0005780519616523381
836,42335,Maison en rangée,-4.675000000000001,21.5,21.5,0,26.175,0.009,0.0008219966896140662
836,42335,Maison en rangée,-4.45,21.5,21,0.5,25.45,0.042375,0.0355874146561257
836,42335,Maison en rangée,-4.225,21.5,21,0.5,25.225,0.09304166666666651,0.088797983058289
836,42335,Maison en rangée,-4,21.5,21.5,0,25.5,0.11166666666666697,0.08609744841395514
836,42335,Maison en rangée,-3.65,21.5,22,-0.5,25.65,0.0793166666666666,0.022251142635391487
836,42335,Maison en rangée,-3.3,21.5,21.5,0,24.8,0.04159999999999991,0.012344480300655278
836,42335,Maison en rangée,-2.95,21.5,21.5,0,24.45,0.056,0.039200283387783204
836,42335,Maison en rangée,-2.6,21.5,21.5,0,24.1,0.07911111111111131,0.0456996552467142
836,42335,Maison en rangée,-2.525,21.5,21.5,0,24.025,0.07460317460317446,0.034485714285714265
836,42335,Maison en rangée,-2.45,21.5,21.5,0,23.95,0.06966071428571421,0.03672499999999991
836,42335,Maison en rangée,-2.375,21.5,21.5,0,23.875,0.06991071428571421,0.03265000000000009
836,42335,Maison en rangée,-2.3,21.5,21.5,0,23.8,0.06971428571428578,0.03633333333333326
836,42335,Maison en rangée,-2.65,21.5,21.5,0,24.15,0.07,0.03290091036414583
836,42335,Maison en rangée,-3,21.5,21.5,0,24.5,0.065,0.03153668362081673
836,42335,Maison en rangée,-3.35,21.5,21.5,0,24.85,0.069875,0.0360625
836,42335,Maison en rangée,-3.7,21.5,21.5,0,25.2,0.06983928571428578,0.032394642857142796
836,42335,Maison en rangée,-3.875,21.5,21.5,0,25.375,0.06978571428571421,0.037970588235294145
836,42335,Maison en rangée,-4.050000000000001,21.5,21.5,0,25.55,0.06978571428571421,0.029913635603495168
836,42335,Maison en rangée,-4.2250000000000005,21.5,21.5,0,25.725,0.06514285714285734,0.030753166938417054
836,42335,Maison en rangée,-4.4,21.5,21.5,0,25.9,0.06057142857142844,0.02517854467160002
836,42335,Maison en rangée,-4.5,21.5,21.5,0,26,0.056,0.023464046530463974
836,42335,Maison en rangée,-4.6,21.5,21.5,0,26.1,0.04625,0.009745909640473338
836,42335,Maison en rangée,-4.7,21.5,21.5,0,26.2,0.02825,0.002734122950390934
836,42335,Maison en rangée,-5.300000000000001,21.5,21.25,0.25,26.55,0.019,0.004617577669256206
836,42335,Maison en rangée,-5.3500000000000005,21.5,21.25,0.25,26.6,0.03719999999999982,0.014473363587036981
836,42335,Maison en rangée,-5.4,21.5,21.25,0.25,26.65,0.041800000000000184,0.010828320673550175
836,42335,Maison en rangée,-5.4750000000000005,21.5,21.25,0.25,26.725,0.03725,0.009900396180333094
836,42335,Maison en rangée,-5.550000000000001,21.5,21.25,0.25,26.8,0.03725,0.010398851813210968
836,42335,Maison en rangée,-5.625,21.5,21.25,0.25,26.875,0.04189999999999964,0.013981126374981764
836,42335,Maison en rangée,-8.2,21.5,20.25,1.25,28.45,0.23726666666666668,0.23824590163934425
836,42335,Maison en rangée,-8.1,21.5,21.25,0.25,29.35,0.22873333333333334,0.20450819672131143
836,42335,Maison en rangée,-8,21.5,21.25,0.25,29.25,0.16973333333333335,0.15277459016393447
836,42335,Maison en rangée,-7.8999999999999995,21.5,22,-0.5,29.9,0.14058571428571429,0.1279684210526316
836,42335,Maison en rangée,-7.8,21.5,21.5,0,29.3,0.11251428571428562,0.06421620732904006
836,42335,Maison en rangée,-7.775,21.5,21,0.5,28.775,0.11255714285714294,0.1223283615767175
836,42335,Maison en rangée,-7.75,21.5,21.5,0,29.25,0.1416095238095238,0.145688524590164
836,42335,Maison en rangée,-7.725,21.5,21.5,0,29.225,0.141,0.13903278688524598
836,42335,Maison en rangée,-7.7,21.5,22,-0.5,29.7,0.13210476190476197,0.12030979115203229
836,42335,Maison en rangée,-7.325,21.5,21.5,0,28.825,0.11642857142857133,0.07337979306688566
836,42335,Maison en rangée,-6.95,21.5,21.5,0,28.45,0.10733333333333325,0.09048523692765298
836,42335,Maison en rangée,-6.575,21.5,22,-0.5,28.575,0.08866666666666674,0.040538212659022486
836,42335,Maison en rangée,-6.2,21.5,22,-0.5,28.2,0.05125,0.009718254997436266
836,42335,Maison en rangée,-5.525,21.5,21.5,0,27.025,0.02825,0.0026671082135779453
836,42335,Maison en rangée,-4.85,21.5,21.5,0,26.35,0.0135,0.0005347684263627173
836,42335,Maison en rangée,-4.175,21.5,21,0.5,25.175,0.028400000000000092,0.0180839437243626
836,42335,Maison en rangée,-3.5,21.5,21,0.5,24.5,0.06989999999999987,0.06262481657543435
836,42335,Maison en rangée,-3.475,21.5,21.5,0,24.975,0.09806363636363653,0.07661210750075907
836,42335,Maison en rangée,-3.45,21.5,21.5,0,24.95,0.10263636363636351,0.0756755832236729
836,42335,Maison en rangée,-3.425,21.5,21.5,0,24.925,0.098,0.060730045375972395
836,42335,Maison en rangée,-3.4,21.5,21.5,0,24.9,0.09330000000000019,0.06130585874799385
836,42335,Maison en rangée,-3.15,21.5,21.5,0,24.65,0.09339999999999964,0.06151122960996554
836,42335,Maison en rangée,-2.9,21.5,21.5,0,24.4,0.08392500000000018,0.04540992351996988
836,42335,Maison en rangée,-2.65,21.5,21.5,0,24.15,0.07475,0.036963679702650326
836,42335,Maison en rangée,-2.4,21.5,21.5,0,23.9,0.074625,0.04147055860805835
836,42335,Maison en rangée,-2.2,21.5,21.5,0,23.7,0.074625,0.04009463707813211
836,42335,Maison en rangée,-2,21.5,21.5,0,23.5,0.08407499999999982,0.05918232452386383
836,42335,Maison en rangée,-1.8,21.5,21.5,0,23.3,0.08263333333333367,0.048588697850214656
836,42335,Maison en rangée,-1.6,21.5,22,-0.5,23.6,0.05891666666666651,0.015013835661614431
836,42335,Maison en rangée,-1.5250000000000001,21.5,21.5,0,23.025,0.03275,0.004762279802287852
836,42335,Maison en rangée,-1.4500000000000002,21.5,21.5,0,22.95,0.023,0.0024914422170097153
836,42335,Maison en rangée,-1,21.5,21,0.5,22,0.046666666666666516,0.01083950902048028
836,42335,Maison en rangée,-0.9,21.5,21.5,0,22.4,0.06044444444444434,0.047797040066675206
836,42335,Maison en rangée,-0.8,21.5,21.5,0,22.3,0.07918055555555566,0.04355641025640989
836,42335,Maison en rangée,-0.7,21.5,21.5,0,22.2,0.074375,0.04151199633699639
836,42335,Maison en rangée,-0.6,21.5,21.5,0,22.1,0.07911111111111131,0.04560007541478103
836,42335,Maison en rangée,-0.75,21.5,21.5,0,22.25,0.07926388888888869,0.042900640161725054
836,42335,Maison en rangée,-0.8999999999999999,21.5,21.5,0,22.4,0.07906944444444435,0.046317234742658454
836,42335,Maison en rangée,-1.0499999999999998,21.5,21.5,0,22.55,0.07455555555555565,0.034016106442576986
836,42335,Maison en rangée,-1.2,21.5,21.5,0,22.7,0.069625,0.03824886877828067
836,42335,Maison en rangée,-1.225,21.5,21.5,0,22.725,0.074625,0.03815147111083222
836,42335,Maison en rangée,-1.25,21.5,21.5,0,22.75,0.074375,0.03982767453135102
836,42335,Maison en rangée,-1.275,21.5,21.5,0,22.775,0.06980357142857156,0.0332269957983192
836,42335,Maison en rangée,-1.3,21.5,21.5,0,22.8,0.06994642857142844,0.0378920247102623
836,42335,Maison en rangée,-1.1,21.5,21.5,0,22.6,0.065125,0.023705800099112065
836,42335,Maison en rangée,-0.9,21.5,21.5,0,22.4,0.0465,0.010660264096756616
836,42335,Maison en rangée,-0.7,21.5,21.75,-0.25,22.45,0.028,0.0028684014227716645
836,42335,Maison en rangée,-2.0999999999999996,21.5,21.5,0,23.6,0.01866666666666697,0.004220957822298533
836,42335,Maison en rangée,-2.1999999999999997,21.5,21.5,0,23.7,0.036933333333333394,0.014413120910633856
836,42335,Maison en rangée,-2.3,21.5,21.5,0,23.8,0.04679999999999927,0.015705927137668975
836,42335,Maison en rangée,-2.375,21.5,21.5,0,23.875,0.046400000000000545,0.014359501824042959
836,42335,Maison en rangée,-2.45,21.5,21.5,0,23.95,0.04194999999999982,0.01035977424542701
836,42335,Maison en rangée,-2.525,21.5,21.5,0,24.025,0.03725,0.010051118042109843
836,42335,Maison en rangée,-6.4,21.5,20.5,1,26.9,0.23586666666666667,0.2369672131147541
836,42335,Maison en rangée,-6.575,21.5,21.25,0.25,27.825,0.22153333333333336,0.19106557377049177
836,42335,Maison en rangée,-6.75,21.5,21.25,0.25,28,0.16279999999999994,0.14786885245901646
836,42335,Maison en rangée,-6.925,21.5,22,-0.5,28.925,0.12623333333333334,0.09831302587222643
836,42335,Maison en rangée,-7.1,21.5,21.5,0,28.6,0.10289999999999998,0.06026672291503752
836,42335,Maison en rangée,-7.35,21.5,21.5,0,28.85,0.08893333333333328,0.05065585051652476
836,42335,Maison en rangée,-7.6,21.5,21.5,0,29.1,0.07954166666666675,0.04095168662183585
836,42335,Maison en rangée,-7.85,21.5,22,-0.5,29.85,0.056125,0.013436128274966506
836,42335,Maison en rangée,-8.1,21.5,21.5,0,29.6,0.03725,0.008560460952451228
836,42335,Maison en rangée,-8.2,21.5,21.5,0,29.7,0.03275,0.006047203496281895
836,42335,Maison en rangée,-8.3,21.5,21.5,0,29.8,0.02833333333333326,0.006416154478330554
836,42335,Maison en rangée,-8.4,21.5,21.5,0,29.9,0.028,0.005287383479601332
836,42335,Maison en rangée,-8.5,21.5,21.5,0,30,0.028,0.006128345773618514
836,42335,Maison en rangée,-8,21.5,21.5,0,29.5,0.03266666666666674,0.009033332845476139
836,42335,Maison en rangée,-7.5,21.5,21.5,0,29,0.03266666666666674,0.0064256404982959104
836,42335,Maison en rangée,-7,21.5,21.5,0,28.5,0.02833333333333326,0.005971240252878533
836,42335,Maison en rangée,-6.5,21.5,21.5,0,28,0.0235,0.002819202335506664
836,42335,Maison en rangée,-4.85,21.5,21,0.5,25.85,0.09366666666666675,0.0876413422411174
836,42335,Maison en rangée,-4.3,21.5,21.5,0,25.8,0.10751515151515151,0.07555745014677609
836,42335,Maison en rangée,-3.9499999999999997,21.5,21.5,0,25.45,0.0934848484848485,0.05054860042869745
836,42335,Maison en rangée,-3.5999999999999996,21.5,21.5,0,25.1,0.0890333333333333,0.06277484394506871
836,42335,Maison en rangée,-3.25,21.5,21.5,0,24.75,0.0888555555555556,0.051281886995651005
836,42335,Maison en rangée,-2.9,21.5,21.5,0,24.4,0.07944444444444435,0.04164304567981026
836,42335,Maison en rangée,-2.5,21.5,21.5,0,24,0.074875,0.03771008403361338
836,42335,Maison en rangée,-2.1,21.5,21.5,0,23.6,0.06545833333333348,0.02394760125359714
836,42335,Maison en rangée,-1.7,21.5,21.5,0,23.2,0.05616666666666652,0.021285342923441475
836,42335,Maison en rangée,-1.3,21.5,21.5,0,22.8,0.04675,0.010633445041559282
836,42335,Maison en rangée,-1.05,21.5,22,-0.5,23.05,0.02825,0.0033562823281339787
836,42335,Maison en rangée,-1.4,21.5,21.5,0,22.9,0.019,0.002731432544691188
836,42335,Maison en rangée,-1.4,21.5,21,0.5,22.4,0.04233333333333349,0.02414410735360951
836,42335,Maison en rangée,-1.4,21.5,21.5,0,22.9,0.07,0.05110853191752062
836,42335,Maison en rangée,-1.4,21.5,21.5,0,22.9,0.08833333333333303,0.054686229952943304
836,42335,Maison en rangée,-1.4,21.5,21.5,0,22.9,0.09413333333333367,0.0631682272159801
836,42335,Maison en rangée,-1.4749999999999999,21.5,21.5,0,22.975,0.0935,0.061628489628349145
836,42335,Maison en rangée,-1.5499999999999998,21.5,21.5,0,23.05,0.09369999999999981,0.061957252953039416
836,42335,Maison en rangée,-1.625,21.5,21.5,0,23.125,0.0934000000000001,0.06269781523096139
836,42335,Maison en rangée,-1.7,21.5,21.5,0,23.2,0.08893333333333339,0.053828769669780965
836,42335,Maison en rangée,-1.4,21.5,21.5,0,22.9,0.08886666666666633,0.05912196121606257
836,42335,Maison en rangée,-1.1,21.5,21.5,0,22.6,0.0889111111111115,0.053291110013581604
836,42335,Maison en rangée,-0.8,21.5,21.5,0,22.3,0.08888888888888868,0.057908612002853486
836,42335,Maison en rangée,-0.5,21.5,21.5,0,22,0.08877777777777783,0.050698045712090786
836,42335,Maison en rangée,-0.8,21.5,21.5,0,22.3,0.08422222222222217,0.05090743557851738
836,42335,Maison en rangée,-1.1,21.5,22,-0.5,23.1,0.061,0.013758177015160033
836,42335,Maison en rangée,-1.4,21.5,22,-0.5,23.4,0.028,0.002672178574591574
836,42335,Maison en rangée,-2.7,21.5,21.25,0.25,23.95,0.227,0.2041344262295082
836,42335,Maison en rangée,-2.7,21.5,22,-0.5,24.7,0.14980000000000002,0.11106823565138171
836,42335,Maison en rangée,-2.7,21.5,22,-0.5,24.7,0.08883333333333338,0.02650810337753062
836,42335,Maison en rangée,-2.7,21.5,22,-0.5,24.7,0.03316666666666663,0.001531413125640616
836,42335,Maison en rangée,-2.2,21.5,21.5,0,23.7,0.028,0.006300828370661827
836,42335,Maison en rangée,-1.9,21.5,21.5,0,23.4,0.04216666666666663,0.02082679425837322
836,42335,Maison en rangée,-1.4,21.5,21.5,0,22.9,0.05616666666666663,0.024955408144462825
836,42335,Maison en rangée,-0.8999999999999999,21.5,21.5,0,22.4,0.056,0.022844682954638526
836,42335,Maison en rangée,-0.3999999999999999,21.5,21.5,0,21.9,0.05616666666666674,0.02285209689806002
836,42335,Maison en rangée,0.1,21.5,21.5,0,21.4,0.05156666666666661,0.016666069179543986
836,42335,Maison en rangée,0.25,21.5,21.5,0,21.25,0.04660000000000002,0.014287510447016484
836,42335,Maison en rangée,0.4,21.5,22,-0.5,21.6,0.037666666666666626,0.008955407058370638
836,42335,Maison en rangée,0.5499999999999999,21.5,21.5,0,20.95,0.023333333333333373,0.00228089921003925
836,42335,Maison en rangée,0.7,21.5,21.5,0,20.8,0.03259999999999991,0.013085941096486631
836,42335,Maison en rangée,1.175,21.5,21.5,0,20.325,0.04680000000000018,0.017789892349162454
836,42335,Maison en rangée,1.65,21.5,21.5,0,19.85,0.05159999999999991,0.019839948453608258
836,42335,Maison en rangée,2.125,21.5,21.5,0,19.375,0.042,0.006607885141670158
836,42335,Maison en rangée,2.6,21.5,22,-0.5,19.4,0.019,0.0022259924818287687
836,42335,Maison en rangée,3.0500000000000003,21.5,21,0.5,17.95,0.04680952380952385,0.03188500471738166
836,42335,Maison en rangée,3.2,21.5,21.5,0,18.3,0.06557142857142867,0.031162878574248452
836,42335,Maison en rangée,3.3000000000000003,21.5,21.5,0,18.2,0.06078571428571422,0.020892968497802065
836,42335,Maison en rangée,3.4000000000000004,21.5,21.5,0,18.1,0.04675,0.009944954845829784
836,42335,Maison en rangée,3.5,21.5,22,-0.5,18.5,0.02825,0.004635962932993038
836,42335,Maison en rangée,3.45,21.5,21.5,0,18.05,0.019,0.005234483312352239
836,42335,Maison en rangée,3.4,21.5,21.5,0,18.1,0.033,0.010062679962728416
836,42335,Maison en rangée,3.25,21.5,21.5,0,18.25,0.042,0.01425244576897404
836,42335,Maison en rangée,3.0999999999999996,21.5,21.5,0,18.4,0.04659999999999991,0.015113454490373537
836,42335,Maison en rangée,2.9499999999999997,21.5,21.5,0,18.55,0.03740000000000009,0.007543912315313529
836,42335,Maison en rangée,2.8,21.5,21.5,0,18.7,0.02833333333333326,0.0055717664040012774
836,42335,Maison en rangée,2.775,21.5,21.5,0,18.725,0.01866666666666674,0.0012982015489573573
836,42335,Maison en rangée,2.2,21.5,21,0.5,18.8,0.08425974025974028,0.07363339035664865
836,42335,Maison en rangée,2.1,21.5,21.5,0,19.4,0.10290909090909099,0.07591604818113512
836,42335,Maison en rangée,2,21.5,21.5,0,19.5,0.10290909090909099,0.07306647941187236
836,42335,Maison en rangée,1.95,21.5,21.5,0,19.55,0.09823636363636343,0.06657019367682278
836,42335,Maison en rangée,1.9,21.5,21.5,0,19.6,0.09821818181818208,0.07239210393125223
836,42335,Maison en rangée,1.85,21.5,21.5,0,19.65,0.09818181818181802,0.06244419475655445
836,42335,Maison en rangée,1.8,21.5,21.5,0,19.7,0.09369999999999981,0.06365687147821995
836,42335,Maison en rangée,1.775,21.5,21.5,0,19.725,0.0934000000000001,0.062328720015939094
836,42335,Maison en rangée,1.75,21.5,21.5,0,19.75,0.0935999999999999,0.06367817727840201
836,42335,Maison en rangée,1.725,21.5,21.5,0,19.775,0.09360000000000036,0.061277777777778056
